dataset,subject,theta_centroid,alpha_centroid,theta_peak,alpha_peak,PCI,convergence,ratio
PhysioNet,1,5.9196508461878725,10.106462687530705,4.21875,10.078125,0.7299208202167452,0.2388452211120313,1.7072734440138557
PhysioNet,2,6.258449822846172,10.683652022754256,7.890625,11.25,0.7314639877133904,0.2259783745069934,1.707076404727908
PhysioNet,3,5.737852083852776,10.331440847138431,4.21875,10.546875,0.0579105785388825,0.2176947157291306,1.800576364840903
PhysioNet,4,5.947182991138608,10.566047492734947,4.0625,10.703125,0.2232772802261793,0.2165034284193413,1.7766474494695248
PhysioNet,5,5.861334874566446,10.180087043232444,4.140625,8.4375,0.5066448489872498,0.2315483641907811,1.7368205811624864
PhysioNet,6,5.99703126296184,10.177414042026369,6.5625,8.75,0.8109427534936485,0.2392125441258699,1.6970753687550235
PhysioNet,7,6.272652350088191,10.836016508036328,6.015625,11.328125,0.5755019164051063,0.2191365767420232,1.7275015261899502
PhysioNet,8,6.04875993815823,9.63364654527619,6.484375,9.453125,1.3981796923631964,0.2789488509941858,1.5926647186810843
PhysioNet,9,6.141507406615278,10.055663832227165,7.265625,10.234375,1.3551392978229044,0.2554828911426742,1.637328291975319
PhysioNet,10,6.15299658142977,9.583889365700127,7.265625,8.75,1.218320118448677,0.2914693238403451,1.5575970567942559
PhysioNet,11,5.840084800552129,10.120278754295018,4.0625,10.390625,0.5354667881133102,0.2336342723734593,1.7328992814176662
PhysioNet,12,5.611367941786575,10.455748959737736,4.0625,10.0,-0.3777305851111696,0.206424720990037,1.8633155173939249
PhysioNet,13,6.29790846312418,9.707920030447916,6.796875,8.359375,1.1517455718951737,0.2932541371948558,1.5414514338038097
PhysioNet,14,6.176268023599999,9.64054320678211,7.578125,8.984375,1.2330232466306563,0.2886606713157958,1.5609010441167461
PhysioNet,15,6.217060872683475,10.506745709898553,7.1875,10.390625,0.8687783946863811,0.233117358954793,1.6899859797196288
PhysioNet,16,6.189035950046874,10.564608211971835,7.890625,12.421875,0.7321590130087551,0.2285415347157508,1.706987695214765
PhysioNet,17,5.926208979659927,10.646411748118467,4.140625,11.171875,0.0859899070995134,0.2118553055987817,1.7964961722847321
PhysioNet,18,5.997976823372065,10.342286578850064,7.34375,10.390625,0.5994906525694575,0.2301861644969124,1.7242958556541448
PhysioNet,19,5.665256984315506,9.996472572945176,4.296875,8.515625,0.3081026714698737,0.2308820652163345,1.7645223509932235
PhysioNet,20,6.126984286356194,10.560793685120188,6.796875,10.703125,0.6043227325983833,0.2255396906052769,1.72365281050865
PhysioNet,21,5.815452732342004,9.978924406353723,4.453125,9.609375,0.6628921749798719,0.2401841728003034,1.7159325104401635
PhysioNet,22,5.952006342095139,9.864764354319874,5.859375,8.28125,1.1554630871017508,0.2555742003148861,1.657384718250724
PhysioNet,23,5.862852599036527,9.982960884545836,4.296875,10.0,0.7655776360095635,0.2427120674272241,1.7027480592274122
PhysioNet,24,6.661457848530114,9.416344277562242,7.421875,8.359375,0.8130376420834429,0.3629913703380248,1.4135560851203177
PhysioNet,25,6.316537890008177,10.12499312132664,7.96875,10.859375,1.463216699525404,0.2625736523765848,1.6029339644020615
PhysioNet,26,6.098918068495374,9.975625256514574,7.890625,8.828125,1.3730468842085608,0.2579508720933213,1.6356385090733967
PhysioNet,27,6.137908600890911,10.65036671219892,5.46875,11.171875,0.5186889881927678,0.2216087053515349,1.7351784467192997
PhysioNet,28,6.448599421465285,9.814887749431373,7.65625,9.296875,1.081521662659974,0.2970630862758568,1.522018520294626
PhysioNet,29,6.127890286530513,9.627594561683496,4.6875,9.296875,1.281100357970924,0.2857384285580206,1.571110792052781
PhysioNet,30,6.777885051890451,9.98235462470828,7.5,10.390625,0.9391493131947224,0.3120641270813057,1.4727831098174282
PhysioNet,31,6.603544001292586,9.420973023786225,7.96875,8.28125,0.8377479143076488,0.3549335198921618,1.4266540848281093
PhysioNet,32,6.022266392173416,10.412943986298604,6.953125,11.171875,0.5637941117919367,0.2277552788977308,1.7290739579091599
PhysioNet,33,5.723137481373533,10.441438407648162,4.765625,10.078125,-0.1061171873446672,0.2119406997615045,1.8244255780384036
PhysioNet,34,6.019837138231161,9.939683550956142,6.875,10.234375,1.2151647870837643,0.255112036214915,1.6511548938476381
PhysioNet,35,5.576525394886468,10.496869354045698,5.703125,10.625,-0.5150908288288708,0.2032378240831107,1.8823314897249568
PhysioNet,36,6.1970770138796025,10.215651517825592,7.96875,8.4375,1.2415686895025326,0.2488444594017261,1.648462895482109
PhysioNet,37,6.0422022282438,10.180731772085704,4.375,8.75,0.9108114899909724,0.2416317171126617,1.6849372774212474
PhysioNet,38,5.905399690740466,10.732628228683136,5.0,11.09375,-0.0579283483650012,0.2071582051978406,1.8174262185016294
PhysioNet,39,5.679805914378622,10.08028917728739,4.140625,8.046875,0.236425461314477,0.2272477680869506,1.7747594423550277
PhysioNet,40,5.792826985074562,10.020439121107136,4.921875,10.15625,0.558391994506524,0.2365401479186914,1.729801208792387
PhysioNet,41,6.3746827470310645,10.084910499384382,7.734375,9.0625,1.3374585082560513,0.2695252331519868,1.5820254747706957
PhysioNet,42,5.818314437248998,11.190576520816668,4.0625,11.40625,-0.8304707864035478,0.186141328260722,1.9233364991713597
PhysioNet,43,5.647862263189838,10.374748272041838,4.0625,10.3125,-0.1925768428123222,0.2115557680314922,1.8369336553512758
PhysioNet,44,6.233837717935178,9.77918386003049,7.8125,9.6875,1.2694947789449629,0.2820599061193491,1.5687260885690217
PhysioNet,45,5.999195243567681,10.063295271103016,5.625,8.046875,0.9746562824751056,0.2460569359082552,1.677440867071771
PhysioNet,46,5.933461230631893,10.289989986092973,6.796875,11.25,0.5256577039306034,0.2295405484805904,1.7342305925873767
PhysioNet,47,5.826370852409475,9.89630534859579,4.296875,9.765625,0.7991811753129993,0.2457042001381197,1.6985368077803025
PhysioNet,48,6.391049622199235,9.672863526459636,7.96875,8.4375,1.0536096378405728,0.3047095384359898,1.513501552680965
PhysioNet,49,5.766911954042717,10.508392858248854,5.234375,10.46875,-0.0906954519275546,0.2109045718422922,1.822187150071238
PhysioNet,50,6.176671128937958,10.204722214431373,7.8125,9.765625,1.2056017103974703,0.2482590162774724,1.6521394779498344
PhysioNet,51,5.802286991342561,10.281644875325147,4.609375,8.671875,0.2556885798465751,0.2232462834853692,1.771998677532862
PhysioNet,52,6.32398947855388,9.833343658843496,7.65625,9.609375,1.2067229128506676,0.2849527145525884,1.554927264219944
PhysioNet,53,5.977533446975306,10.067934739609772,4.765625,8.359375,0.9162054524201008,0.2444747907254692,1.6842958435814779
PhysioNet,54,6.208425375820253,9.051997688829276,7.96875,8.75,0.903948509232612,0.351670325183964,1.458018280139726
PhysioNet,55,6.200205579382733,9.716745030423784,7.890625,9.921875,1.2620251714041837,0.2843704766923505,1.5671649763895639
PhysioNet,56,6.373638650852606,9.529574216503203,7.109375,9.375,0.998494216689904,0.316863249961141,1.4951544539206698
PhysioNet,57,6.056020802459947,10.145114530682228,6.71875,9.375,0.9940010374163174,0.2445529661250261,1.6752113081515998
PhysioNet,58,5.877409374904767,10.442351200281768,4.21875,10.546875,0.2229613645085363,0.2190608420113687,1.7766928478503283
PhysioNet,59,6.057709156111405,10.39603872569609,7.578125,9.609375,0.6610997560450333,0.2305034654376733,1.7161666989587807
PhysioNet,60,6.138587189479174,10.069176928229256,7.34375,10.078125,1.324008761660808,0.2544147485405072,1.640308529866067
PhysioNet,61,6.416977387657151,9.7597398761577,7.96875,9.765625,1.0778468758098534,0.2991537698056934,1.5209247729203854
PhysioNet,62,5.625691780439123,10.386580947423427,4.21875,10.546875,-0.2576091834154252,0.2100447972901311,1.8462762186044763
PhysioNet,63,6.181285155933172,10.128859453861654,5.234375,9.21875,1.3414382109795149,0.2533201213020252,1.6386332612627263
PhysioNet,64,5.848003983624781,9.92118644939721,4.296875,9.140625,0.8155219894238865,0.2455082747711775,1.6965081551206023
PhysioNet,65,6.631246134739795,9.844143172016436,7.890625,9.609375,0.9692762311230544,0.3112455794249895,1.4845087894483218
PhysioNet,66,5.903604314592011,9.910956242357422,7.109375,9.765625,0.9629677927240672,0.2495413475096564,1.6787975132175426
PhysioNet,67,5.648803553051524,10.546474147187162,5.0,11.796875,-0.4042335531478014,0.2041786969498066,1.8670279552366238
PhysioNet,68,5.773823765135068,10.332699607270609,6.5625,9.21875,0.1336932893336915,0.2193523216310196,1.7895765488486284
PhysioNet,69,5.495978382922298,10.246941649741178,4.21875,10.078125,-0.3857695661127064,0.2104836311794037,1.864443586892843
PhysioNet,70,5.831844772435425,9.949752049548657,4.375,9.84375,0.7390671901030598,0.2428417962584695,1.7061071475319054
PhysioNet,71,6.537259765795218,9.76795326805205,7.65625,9.84375,0.9957883646844804,0.3095310648631448,1.4941968987006955
PhysioNet,72,6.097835728402973,9.489768947635415,7.96875,8.90625,1.2124462642043534,0.2948171250335787,1.5562519835411819
PhysioNet,73,5.912052475132975,10.33667997183996,4.453125,8.515625,0.4226196065610692,0.2260077262423213,1.748408021633378
PhysioNet,74,5.7714515870116605,10.080356781437336,4.84375,10.234375,0.4357024025861944,0.2320775127040797,1.7465895068967803
PhysioNet,75,6.537609627665649,9.33798112426338,7.96875,8.203125,0.8410599930061072,0.3570954786587905,1.4283479216543011
PhysioNet,76,5.919619031940001,10.304392512675063,6.015625,9.453125,0.4781949189073488,0.2280619522065618,1.7407188633384179
PhysioNet,77,6.049874077875215,9.229119625421848,7.8125,8.828125,1.0934249089834145,0.3145400331760099,1.5255060694855356
PhysioNet,78,6.52080943850743,9.617425971933844,7.96875,9.609375,0.944394090103947,0.3229331075402796,1.474882230899115
PhysioNet,79,6.10521051554297,10.028278215870673,7.890625,10.390625,1.300684828756604,0.2549025600339417,1.6425769742648757
PhysioNet,80,6.037129635530837,10.427232952205555,7.34375,10.46875,0.5778716926440635,0.2277850719826451,1.7271838740777183
PhysioNet,81,6.029664612721296,9.844787879702093,7.65625,9.765625,1.404373282414383,0.2621147286785776,1.6327256177618414
PhysioNet,82,6.175044944855904,9.821249645438176,6.484375,9.6875,1.3851617701086394,0.274257778187908,1.5904741962436608
PhysioNet,83,6.274455597752376,10.406215285453642,7.421875,8.984375,1.144924659900342,0.242027628803445,1.6585048891223866
PhysioNet,84,5.925317549880158,9.960933052029782,7.96875,8.75,0.9434387690644046,0.2477936759503815,1.6810800380194384
PhysioNet,85,6.149028020622705,10.400331843667862,6.40625,10.390625,0.8573148340454871,0.2352219558101853,1.6913781834766517
PhysioNet,86,5.665898976612761,10.442072712385734,4.0625,10.9375,-0.234528839613574,0.209372618192282,1.8429683895684827
PhysioNet,87,6.479712006458223,9.58123941606092,7.890625,9.6875,0.9539728698532032,0.3224217838294387,1.4786520460340604
PhysioNet,88,5.762540777029251,10.41881357846584,4.84375,10.0,0.0067060771390182,0.2147640489817247,1.8080242694329405
PhysioNet,89,5.9459034701457245,9.553114725335428,4.296875,8.90625,1.4886912516910515,0.2772224661256802,1.606671681318314
PhysioNet,90,5.883351514540733,10.38539297149802,4.765625,10.234375,0.3032150381271613,0.2221214552466275,1.7652171463545
PhysioNet,91,5.937528949622387,10.235118772867455,5.078125,10.234375,0.6032080293190886,0.2326885629222077,1.7238010727540762
PhysioNet,92,6.601869381448357,9.691893977197878,7.890625,10.078125,0.927556570799636,0.3236220195061063,1.4680529736672272
PhysioNet,93,5.68401249385293,10.20219420632286,4.140625,10.3125,0.0970314221211164,0.2213279729852509,1.794892994580183
PhysioNet,94,6.009527850499422,10.396634988127705,4.296875,11.25,0.5567293070010779,0.2279406380170171,1.7300252610134241
PhysioNet,95,5.548427140449029,11.1782789309214,4.140625,11.484375,-1.46583205705782,0.1776245693878373,2.014675267055368
PhysioNet,96,6.001797993040494,10.277798331520463,4.296875,10.078125,0.6896449022132762,0.2338634052483446,1.7124532254231635
PhysioNet,97,5.692339427592647,10.6147920919665,5.0,10.625,-0.3879579684526105,0.203150760034216,1.8647503767103382
PhysioNet,98,5.889103570396859,10.121375596873,4.0625,10.15625,0.6420679963122932,0.2362797083325988,1.7186615035522177
PhysioNet,99,6.132670045256859,9.554279687632594,5.703125,8.828125,1.219790417346116,0.2922601069436043,1.5579314747288715
PhysioNet,100,5.752087380520801,10.55381301140894,4.21875,10.78125,-0.1776456011913906,0.2082584630757083,1.834779674444616
PhysioNet,101,5.841262410924322,10.484251381892976,4.0625,12.96875,0.0972550317350346,0.2153784999819572,1.7948605360179235
PhysioNet,102,6.213081806024792,9.603291282240487,5.0,8.671875,1.1682955983566758,0.2949670240188948,1.5456566615505092
PhysioNet,103,5.885360742355879,9.8375706904328,4.53125,8.984375,1.0263042186075142,0.2530229955234496,1.6715323191038365
PhysioNet,104,6.074353563167389,9.817053652257998,4.0625,8.984375,1.558257389418466,0.2671867839250184,1.6161478830907943
PhysioNet,105,6.072186531269125,9.894313166274674,5.703125,9.84375,1.4403465913846891,0.2616344500052254,1.62944815929538
PhysioNet,106,6.232333465007271,10.08094025506303,6.25,10.390625,1.5690012849158257,0.2598342866784559,1.617522603959586
PhysioNet,107,6.40329509681379,9.953377760739508,7.265625,10.078125,1.2045257554468003,0.2816835816702335,1.5544149707690655
PhysioNet,108,6.034275063292196,10.50481078347019,4.0625,10.46875,0.4771893641338177,0.2236868381313784,1.7408571325117794
PhysioNet,109,5.874707436902469,10.58764556852083,4.609375,11.5625,0.0464538144863951,0.2121818644915274,1.8022421852046018
OpenNeuro,sub-031,6.709622283771046,9.635620211406756,8.0,8.25,0.856437747059881,0.3417637417153022,1.4360898130902229
OpenNeuro,sub-031,6.668376119904912,9.653568578266798,8.0,9.75,0.880768547800239,0.3349867768823008,1.4476640796326967
OpenNeuro,sub-031,6.615928670117617,9.883250286312068,8.0,9.75,0.9946795592129029,0.3060610853377606,1.493856838413641
OpenNeuro,sub-031,6.742817296180889,9.84336128485929,8.0,9.75,0.9079818463861504,0.3225240485706663,1.459829156343082
OpenNeuro,sub-073,5.890856550785323,9.981567152925845,4.0,10.0,0.8326682286317385,0.2444563053364704,1.6944169437626484
OpenNeuro,sub-073,5.734364394562171,9.944520670605966,4.0,9.75,0.5260581534934498,0.2375208743889386,1.7341975476891975
OpenNeuro,sub-012,5.731033555371781,10.419501821732588,4.0,9.25,-0.0623416673715672,0.2132892755561297,1.8180842462466893
OpenNeuro,sub-012,5.811114364405823,10.677351875134743,4.0,11.75,-0.1957181684141302,0.2054975733911945,1.8374017796888575
OpenNeuro,sub-012,5.929350042854133,10.55596463694378,4.0,9.25,0.1980908102161695,0.2161407611685374,1.7802903455945394
OpenNeuro,sub-012,5.8774636264220215,10.225962059053042,4.0,9.25,0.4846017924095039,0.2299644384130452,1.739859692722288
OpenNeuro,sub-065,6.048088939746322,9.58386545309486,8.0,8.75,1.3513948423588416,0.2828233052130763,1.5846105354225895
OpenNeuro,sub-074,6.749286412473997,9.720684568754448,8.0,9.75,0.86502480455069,0.3365419063367073,1.4402536764166252
OpenNeuro,sub-074,6.417136999938537,9.871934553600669,8.0,9.75,1.139756899014327,0.2894525611030338,1.5383705465062103
OpenNeuro,sub-074,6.470103293980343,9.738106712131,8.0,9.5,1.027389742113859,0.3059972319630846,1.5050929281439978
OpenNeuro,sub-006,6.082643519640143,10.4535446950764,8.0,10.5,0.64281346159776,0.2287857720553909,1.7185857861508946
OpenNeuro,sub-006,6.078903073436365,10.433647834744054,8.0,10.75,0.6597147680636116,0.229634583612131,1.716370159007319
OpenNeuro,sub-006,6.21068468579955,10.425674804928263,8.0,11.0,0.9642965616544557,0.2372484802423952,1.6786675434942138
OpenNeuro,sub-049,6.411419147891062,9.853677082437189,8.0,10.0,1.134200865092579,0.2905069925074784,1.5368948520045527
OpenNeuro,sub-049,6.32614002572472,10.000093368409498,8.0,10.25,1.3303739436318025,0.2721863634961787,1.5807575121234994
OpenNeuro,sub-049,6.336295731611442,9.92464614445722,8.0,10.0,1.2577839122839196,0.2786795839169285,1.5663167511174847
OpenNeuro,sub-049,6.416883397046158,9.887123922170309,8.0,10.0,1.14903028197682,0.2881644637482944,1.5407984391179033
OpenNeuro,sub-034,7.012734216618398,9.78605014838904,8.0,8.5,0.7812269344193847,0.3605791855677775,1.395468564201191
OpenNeuro,sub-034,6.0377091185271246,10.07156747819621,6.25,8.5,1.0570223713172229,0.2479016144934832,1.668110748709459
OpenNeuro,sub-034,6.652566832899796,10.0370355192293,8.0,8.75,1.0385353023185415,0.2954673518000581,1.5087462886643779
OpenNeuro,sub-034,6.913872549586038,10.163407275649927,8.0,8.75,0.9321591575267312,0.3077363636028237,1.4700021157113248
OpenNeuro,sub-025,6.397461816059755,9.51440683120396,7.5,9.75,0.9763826744246517,0.3208269620225351,1.4872158841682552
OpenNeuro,sub-025,6.519886173031966,9.605920981740509,8.0,9.75,0.9403620156979344,0.324040414961646,1.4733264855870072
OpenNeuro,sub-025,6.456086871883582,9.667275901020377,8.0,9.75,1.004717889563883,0.3114111286898647,1.4973893773210523
OpenNeuro,sub-025,6.486225093715068,9.487092428156544,7.5,8.0,0.9145561940320276,0.333236990693599,1.4626523580486306
OpenNeuro,sub-037,5.801050285211156,9.946230686843906,4.0,9.25,0.6736147592247475,0.241244023928635,1.7145568815702599
OpenNeuro,sub-037,6.118082900665402,9.67621414298402,8.0,9.5,1.3347775018965522,0.2810464066379857,1.5815761734663052
OpenNeuro,sub-020,6.743653167576991,10.334064396754147,8.0,10.25,1.1176884870717998,0.2785196280229933,1.5324133878117578
OpenNeuro,sub-020,6.786044321439654,10.432379335119842,8.0,10.5,1.1358273407947983,0.2742479767350603,1.5373284996327021
OpenNeuro,sub-020,6.969880570905694,10.148952335147053,8.0,10.25,0.8994863663527676,0.3145572274423431,1.4561156725571063
OpenNeuro,sub-020,6.834857774007273,10.231152951318776,8.0,10.25,1.0033369427117338,0.294438483050698,1.4969079517978408
OpenNeuro,sub-042,5.848060898872305,10.630715719894736,4.0,11.25,-0.060516259463138,0.2090888925549138,1.8178189153168158
OpenNeuro,sub-042,5.786464184860555,10.582792425609696,4.0,11.0,-0.1367883639723715,0.2084928198833635,1.828887570633901
OpenNeuro,sub-042,5.741729404398475,10.645830910393729,4.0,11.25,-0.3124935242701167,0.2039109506150112,1.8541157481643853
OpenNeuro,sub-042,5.814627491002306,10.489776475181571,4.0,10.25,0.0342636690344816,0.2138969267897144,1.8040324150452807
OpenNeuro,sub-016,6.330355766920088,9.319756160040331,7.75,9.25,0.9376458347715056,0.3345152433582945,1.4722326047995051
OpenNeuro,sub-016,6.427946368822134,9.36559666255807,8.0,9.25,0.9015219570914632,0.3404081153336522,1.4570122594651074
OpenNeuro,sub-030,6.444382305808858,10.03007215330771,8.0,10.0,1.2129031322338513,0.2788863628842679,1.55640551372422
OpenNeuro,sub-030,6.513024286359444,10.130131348677194,8.0,10.0,1.208399264274416,0.2764640312745472,1.5553652041330845
OpenNeuro,sub-030,6.456286232933754,9.971786505979097,8.0,10.0,1.163527235403913,0.2844545362910008,1.544508119096803
OpenNeuro,sub-030,6.524438693553027,9.826706048239377,8.0,9.75,1.0305518476007292,0.302822240779769,1.5061381537617033
OpenNeuro,sub-069,6.671386472423532,9.082345912121207,8.0,8.5,0.7280291484729263,0.4147726351320934,1.3613880637350992
OpenNeuro,sub-069,6.4893817695348925,9.13709112516386,8.0,8.5,0.8029153981505998,0.3776849592173035,1.4080064094948037
OpenNeuro,sub-069,6.6615740702097925,9.065018347455387,8.0,8.5,0.7271662767471296,0.4160695587858705,1.3607922469846385
OpenNeuro,sub-051,6.308386030158911,9.682283496027026,8.0,9.75,1.1265165572721123,0.2963931210466399,1.5348273630907023
OpenNeuro,sub-083,5.732895014634575,10.446448004509902,4.0,10.25,-0.0906321793615188,0.2121541864805576,1.8221941929588565
OpenNeuro,sub-083,5.751826620154998,10.497240888611842,4.0,10.5,-0.1101544411926054,0.2107297579153587,1.8250273490213387
OpenNeuro,sub-083,5.650446148146767,10.241279943101478,4.0,10.0,-0.0237536971186039,0.2178253547534201,1.8124727985347515
OpenNeuro,sub-083,5.624780717085449,10.415000159714058,4.0,10.25,-0.2949954266997781,0.2087587034324371,1.8516277671195547
OpenNeuro,sub-080,6.182002584226385,9.582352815988482,8.0,9.25,1.1859183072574044,0.2940873533141289,1.5500402475466801
OpenNeuro,sub-080,6.193409845858014,9.415667322205923,8.0,9.0,1.0754946055294077,0.3103414321605966,1.5202719594768734
OpenNeuro,sub-080,6.619307985153004,9.654064646360892,8.0,9.5,0.9048535245100366,0.3295157113526136,1.4584703821026
OpenNeuro,sub-080,6.765845839236626,9.370914923691409,8.0,9.0,0.7640897479519143,0.3838669791781324,1.3850322851501309
OpenNeuro,sub-040,6.76307834060942,9.876203236343102,8.0,9.75,0.9090986544646992,0.3212206491844993,1.4603118194034048
OpenNeuro,sub-040,6.696660799594775,9.976004336911606,8.0,9.75,0.9831365629813288,0.3049390796117088,1.4896983191257454
OpenNeuro,sub-040,6.374845802034967,10.126113184435694,8.0,10.0,1.37310640472043,0.2665765721450713,1.5884483325390009
OpenNeuro,sub-040,6.651973262424916,9.75786741268652,8.0,10.0,0.9246734493983324,0.3219684740111868,1.4669132042075255
OpenNeuro,sub-043,5.953654737717208,10.352328556120977,5.5,10.0,0.492189130993148,0.2273412490410323,1.7388190972072288
OpenNeuro,sub-043,6.008177233322023,10.99043338093951,4.0,10.25,-0.1392627838213588,0.2007122818199942,1.8292458684449815
OpenNeuro,sub-043,5.814283884153928,10.292935941261266,5.75,8.0,0.2678083593733465,0.2232814666665304,1.7702843800443455
OpenNeuro,sub-043,5.883527262488271,10.44144720462964,5.75,10.0,0.2370298144950436,0.2193983248266943,1.7746917348715956
OpenNeuro,sub-041,5.78952481040859,10.37357288531041,4.0,10.75,0.1185915563575394,0.218147799425384,1.7917831298797569
OpenNeuro,sub-041,6.066339575512697,10.452084412540156,8.0,10.75,0.6096725735805714,0.2280114409660397,1.7229639525507106
OpenNeuro,sub-041,5.927655743745468,10.334283189136055,5.5,10.5,0.4588789828308201,0.2269309153979009,1.7434013775243635
OpenNeuro,sub-041,5.802873656030648,10.388813789842478,4.0,11.0,0.1289089041881407,0.2180577963997102,1.79028777906372
OpenNeuro,sub-028,6.491725318082033,9.580674051915883,8.0,9.75,0.9466389475315528,0.3237347350724237,1.4758286252854693
OpenNeuro,sub-028,6.164734032137452,9.679381010118163,8.0,9.75,1.2760265079696398,0.2845235968974998,1.5701214293525823
OpenNeuro,sub-028,6.6757778354067785,9.50381931975091,8.0,9.5,0.8317820373233882,0.3536016022169194,1.423627261731937
OpenNeuro,sub-028,6.038826455794257,9.772501363818082,8.0,9.75,1.5697572468769485,0.2678326379864936,1.618278225969114
OpenNeuro,sub-017,5.98668453475761,10.766900600825638,4.0,10.25,0.0724917145589307,0.2091955648403464,1.7984746880038451
OpenNeuro,sub-017,5.887567745002022,10.977994400730347,4.0,11.5,-0.3868301958749882,0.1964471875603367,1.8646060438199812
OpenNeuro,sub-017,5.954653094529925,10.845805509581576,4.0,12.25,-0.0851633560019138,0.2044507950565346,1.8214000609951184
OpenNeuro,sub-089,6.019834484858075,9.89283544283491,8.0,8.75,1.2928414440601323,0.258197715634539,1.643373329901137
OpenNeuro,sub-089,6.514338637331189,9.627823309037762,8.0,9.0,0.9520145427208656,0.321183530815932,1.4779433254919203
LEMON,sub-010002,5.813410585504544,10.510403080953989,4.2724609375,10.6201171875,0.0072777371507518,0.2129021924069121,1.8079581557788413
LEMON,sub-010003,6.400239567988427,9.93852989929448,7.6904296875,9.27734375,1.1976087651325231,0.2826223702312411,1.5528371701901973
LEMON,sub-010004,6.468165745736527,9.808077088350402,7.9345703125,8.056640625,1.0626364769739514,0.2994091451593388,1.5163614344322218
LEMON,sub-010005,6.1888767637021145,9.609388090452246,7.9345703125,9.521484375,1.1969742785959974,0.2923539507615406,1.5526869345357623
LEMON,sub-010006,6.706948517104591,9.386805591528924,7.568359375,8.544921875,0.7881752035905345,0.3731542288369286,1.3995642828612669
LEMON,sub-010007,6.246242820292734,9.453982664927455,6.9580078125,9.3994140625,1.0535884219877187,0.3117459795477504,1.5135470933364048
LEMON,sub-010010,6.137513937397852,9.4380429133989,7.9345703125,9.1552734375,1.1374628510293,0.302981736343248,1.5377631740907114
LEMON,sub-010012,6.020126096227236,10.421748369194132,7.9345703125,10.498046875,0.5485447349316437,0.2271889630651914,1.7311511756747682
LEMON,sub-010015,5.675463993209342,10.379279950903909,4.5166015625,8.4228515625,-0.1361731981185367,0.2125933516519043,1.8287984847270027
LEMON,sub-010016,5.638966629198494,11.10260544885938,4.0283203125,12.3291015625,-1.2352867052366017,0.183028203914487,1.9689078121814443
LEMON,sub-010017,5.817824305784394,10.250704836931044,4.0283203125,9.521484375,0.3263828889243923,0.2255869502851976,1.76194816105726
LEMON,sub-010019,5.621423840831018,10.61826439429296,4.638671875,11.1083984375,-0.5634518655196982,0.2001264577688342,1.8888923331429954
LEMON,sub-010021,6.373123364466828,9.589638831278052,7.9345703125,8.6669921875,1.0262065169201489,0.3108954426982364,1.5047000164385356
LEMON,sub-010022,5.889844547407571,10.44703151622192,5.37109375,10.7421875,0.2436915504574122,0.2194336126305943,1.7737363748963808
LEMON,sub-010023,5.8673129101445145,10.209501040348846,5.615234375,10.009765625,0.4831124036182887,0.2302986351613795,1.74006418213979
LEMON,sub-010024,6.109347186275766,9.590093650347818,7.9345703125,9.521484375,1.2741762267123542,0.2872946967904468,1.5697411454846293
LEMON,sub-010026,6.054216148283723,9.468518287976307,7.9345703125,9.3994140625,1.24675011254544,0.2928856202778931,1.5639544502652891
LEMON,sub-010027,5.884506429164602,9.270520509689415,5.0048828125,8.6669921875,1.3024140889124496,0.2953324989850619,1.5754117395034457
LEMON,sub-010028,5.778910294371247,10.341547712499809,4.2724609375,10.6201171875,0.1341226997560595,0.2191714809567677,1.7895324872186795
LEMON,sub-010029,6.427359187032525,9.765590568236917,7.9345703125,10.25390625,1.0725265045758654,0.2995598224947524,1.519378376727322
LEMON,sub-010030,5.938559107641745,9.513767025462723,7.9345703125,9.3994140625,1.4569342882466665,0.2797040124618769,1.602032892662531
LEMON,sub-010031,5.9788732118386,10.653100971839526,6.9580078125,10.3759765625,0.1876819227928083,0.2139390828485862,1.781790747919795
LEMON,sub-010032,5.752938266280181,10.361254486781728,4.0283203125,9.8876953125,0.0548625481992828,0.216998997497434,1.8010369670594883
LEMON,sub-010033,6.170802448517079,9.82696682629128,6.8359375,9.521484375,1.3968850253685865,0.2735106785895605,1.5924941542493916
LEMON,sub-010034,5.825955257388618,10.475434644974156,4.0283203125,11.71875,0.0753251497550468,0.2150778434828802,1.7980630097852115
LEMON,sub-010035,5.71445786361492,10.893409408079528,4.638671875,10.986328125,-0.6952966639944027,0.1930892751967963,1.9062892172921622
LEMON,sub-010036,5.8240640537572,10.47626975848554,4.150390625,9.8876953125,0.0703198651625497,0.2149518021061783,1.7987902711556072
LEMON,sub-010037,6.543617172519425,9.944006929104576,7.9345703125,10.25390625,1.073426363467911,0.2940839349558128,1.5196498613741385
LEMON,sub-010038,6.347878643434711,10.118045772489712,7.9345703125,8.6669921875,1.4055278349174047,0.2652402309418712,1.5939255207650027
LEMON,sub-010039,5.907136657523048,10.27814358213648,4.5166015625,9.521484375,0.483917894553166,0.2287802369675813,1.739953581240875
LEMON,sub-010040,6.131420155065101,9.713163360785778,7.9345703125,9.6435546875,1.3489091348855673,0.2791936614559143,1.58416208890233
LEMON,sub-010041,5.8878396985078405,10.136880131321355,4.5166015625,9.3994140625,0.619480012319208,0.2353472544712517,1.7216637426270882
LEMON,sub-010042,6.132625733352752,10.328365545685042,7.080078125,9.8876953125,0.9174955289611088,0.2383369905494995,1.68416694492107
LEMON,sub-010045,6.375541369498443,10.26981616727629,7.9345703125,10.1318359375,1.5178655515429118,0.2567872201958168,1.610814764124761
LEMON,sub-010046,5.89491159030641,9.904443898443184,4.150390625,8.1787109375,0.9514284584340978,0.249405647130126,1.6801683531149214
LEMON,sub-010047,6.0757215421204895,9.6505317582838,7.9345703125,9.6435546875,1.3726911663961194,0.279735129847888,1.5883762432791915
LEMON,sub-010048,6.027062693233548,10.039968875316246,7.9345703125,9.033203125,1.0777431224120315,0.2491959578982731,1.6658145744174688
LEMON,sub-010049,5.792929633815311,9.981074247395686,4.0283203125,8.7890625,0.6095876601421899,0.2387692145962259,1.722975226409232
LEMON,sub-010050,5.653520972416885,10.044639412484615,4.0283203125,9.521484375,0.2230077019271425,0.2277324134269026,1.7767050766224581
LEMON,sub-010051,5.552616370116718,10.378006702822464,4.0283203125,9.6435546875,-0.4184871616680064,0.207237120947948,1.86903002315723
LEMON,sub-010052,5.688310021659784,10.279596826497354,5.37109375,8.1787109375,0.0128719686919888,0.2178038625133064,1.8071442638244049
LEMON,sub-010053,5.732335159302099,10.140305406951551,4.0283203125,9.521484375,0.2770398246926133,0.2268617853156448,1.7689658969951287
LEMON,sub-010056,5.803175933583482,10.228832893323686,4.0283203125,8.4228515625,0.3215955959348692,0.2259551540250201,1.7626267082699567
LEMON,sub-010059,6.072853905360661,10.180587906865654,7.9345703125,9.8876953125,0.9838013510215974,0.2434432218915878,1.6764091587777192
LEMON,sub-010060,6.403350124093603,9.223253414944338,7.9345703125,9.3994140625,0.8652868626330215,0.3546220904966958,1.4403793695803717
LEMON,sub-010061,6.070671127147902,10.423413655976445,7.9345703125,10.986328125,0.6548113000812902,0.2297402139862223,1.7170117500457533
LEMON,sub-010062,6.099828871867923,10.079396775947956,7.2021484375,10.25390625,1.2032698203019352,0.2512835624628379,1.652406483472607
LEMON,sub-010063,6.293313281355736,9.648703266524276,7.9345703125,9.6435546875,1.1204298309722722,0.2980279503784031,1.5331674803333015
LEMON,sub-010064,6.116462040312868,9.865504643452772,7.568359375,9.27734375,1.533554531002414,0.2667347656072189,1.6129430017599085
LEMON,sub-010065,6.948223060997406,8.998339435370927,7.9345703125,8.056640625,0.6434527790349714,0.4877771879196771,1.295056211692667
LEMON,sub-010066,6.614915703344413,9.351543236584885,7.9345703125,8.9111328125,0.8131992708743538,0.3654132642654109,1.4137055793253526
LEMON,sub-010067,5.966166334215042,10.004678444097658,5.9814453125,9.6435546875,0.9795269897695678,0.2476159468614459,1.6769023663859945
LEMON,sub-010068,6.0103226792258,9.963806433640062,7.9345703125,9.6435546875,1.151959537383641,0.2529414719065052,1.6577822798232051
LEMON,sub-010069,6.198597572790922,9.346691865088395,6.9580078125,9.033203125,1.035844238039488,0.3176524929531897,1.507872023522902
LEMON,sub-010070,5.775540482437836,10.050330926958251,4.0283203125,8.056640625,0.4824570566767155,0.2339295956090285,1.7401541825425906
LEMON,sub-010071,6.481230846651621,9.238848925358456,7.9345703125,8.544921875,0.8353472768232679,0.3626317972461737,1.4254775279500336
LEMON,sub-010072,5.7911746783841975,10.285522422843906,4.2724609375,10.25390625,0.2274393796286768,0.2225016969887842,1.7760684134144753
LEMON,sub-010073,5.953266611312701,10.104092320297898,4.2724609375,10.1318359375,0.809845369649188,0.2409159213395356,1.6972349770288444
LEMON,sub-010074,5.887626555907967,10.05860249324042,4.5166015625,10.25390625,0.721052011675407,0.2397520424535342,1.7084307908671734
LEMON,sub-010075,5.924110639503958,10.32803797547476,4.0283203125,10.009765625,0.4589580393380836,0.2270700499147903,1.7433904604353498
LEMON,sub-010076,5.665043922310692,11.091156234039024,4.2724609375,11.5966796875,-1.1292271477957811,0.1842940106194519,1.9578235201952499
LEMON,sub-010077,6.170399030054475,10.30698541281409,7.9345703125,10.1318359375,1.036639809920421,0.2417452235901034,1.6703920382800745
LEMON,sub-010078,6.157305634207327,9.8547226426353,7.6904296875,9.765625,1.4468323704931405,0.2704590793304023,1.6004926875623526
LEMON,sub-010079,5.946676297733083,10.349036140127165,5.615234375,10.6201171875,0.4813521811656475,0.2271508999264772,1.7403059494044253
LEMON,sub-010080,6.251718119594676,9.04535171397645,7.9345703125,8.9111328125,0.8790276587286073,0.3579567492355053,1.4468585340765325
LEMON,sub-010081,6.040140442042704,10.358333154267385,7.9345703125,10.498046875,0.670857349770786,0.2315783631353525,1.71491594502798
LEMON,sub-010083,5.89648662581899,10.238766524208645,5.0048828125,10.009765625,0.5097486190859609,0.2302937681126572,1.7364181713524256
LEMON,sub-010084,6.5082368372516,9.920760508782218,7.9345703125,10.7421875,1.0892348607045206,0.2930382603181974,1.5243391961395971
LEMON,sub-010085,6.263275718640182,10.076258161857584,7.9345703125,9.033203125,1.5032455680391457,0.2622618946957956,1.6087840635643034
LEMON,sub-010086,5.636552920583346,9.490370235671575,4.0283203125,9.27734375,0.921273631477058,0.2594829796640492,1.683718820596008
LEMON,sub-010087,6.006683808731359,10.363637356442169,7.9345703125,10.498046875,0.5917412629025494,0.2295181688419448,1.7253509068310722
LEMON,sub-010088,5.84830304165498,10.291200136416716,4.5166015625,10.3759765625,0.342342033609834,0.2250783618596568,1.7596899584574988
LEMON,sub-010089,6.122409474592087,10.129010011280029,7.8125,10.1318359375,1.1839294225497985,0.2495881460712453,1.6544156435983706
LEMON,sub-010090,6.101916620970975,10.122755548254672,7.9345703125,9.3994140625,1.141023482547269,0.2487043172046577,1.658946881290534
LEMON,sub-010091,6.408342312067607,9.528154136442248,7.9345703125,9.8876953125,0.9753579870023732,0.3205321526725245,1.4868360135037881
LEMON,sub-010092,5.81303716909177,9.595359560292229,4.0283203125,9.521484375,1.2202271705084022,0.2643878275227124,1.650662000117816
LEMON,sub-010093,5.973657599721676,9.864810421348537,6.2255859375,9.27734375,1.2131772703981831,0.2569932474617915,1.6513853123768187
LEMON,sub-010094,5.645539912338511,10.991434457847976,5.2490234375,10.8642578125,-1.0302617213317276,0.1870594325209794,1.9469235234394215
LEMON,sub-010100,6.621916050691977,9.68669534687469,7.9345703125,8.7890625,0.9149583333450126,0.3262877693168752,1.4628236408799609
LEMON,sub-010104,6.097201402601164,10.101156581662863,7.9345703125,10.1318359375,1.1622981148417633,0.2497530454959647,1.6566873742031134
LEMON,sub-010134,5.546906931931537,10.521008862789818,4.8828125,10.25390625,-0.6222314450250696,0.2010413163824027,1.8967343407592032
LEMON,sub-010136,5.810309451518432,9.844330775004552,6.2255859375,10.3759765625,0.8337269434986135,0.2478915999223871,1.6942868288076969
LEMON,sub-010137,6.61004990263583,9.42503311518057,7.9345703125,9.6435546875,0.8360963164824533,0.3552419053668181,1.4258641393043394
LEMON,sub-010138,5.9928300738095945,10.164434573907034,7.9345703125,9.8876953125,0.8190191498528375,0.2397159174549366,1.6960992467196025
LEMON,sub-010141,6.000618778862018,10.694899655853137,6.9580078125,11.23046875,0.1841550588929205,0.2130251738666663,1.7822994677694493
LEMON,sub-010142,5.756760226294589,11.074865507715748,4.638671875,12.5732421875,-0.8341713256228556,0.1880368941723488,1.923801769114887
LEMON,sub-010146,6.242230925236608,9.958356871471777,7.9345703125,10.1318359375,1.4140691399059069,0.2690974456915559,1.5953201652972027
LEMON,sub-010148,6.320091517997539,9.490509144968092,7.9345703125,8.1787109375,1.0170949883522526,0.3154158592524403,1.5016410945857743
LEMON,sub-010150,5.780250971667009,10.64101428600894,4.2724609375,10.986328125,-0.2202041496477474,0.2057290049588402,1.8409259975333043
LEMON,sub-010152,6.620063317273651,9.37283605214003,7.9345703125,9.27734375,0.8170906898292101,0.3632700903107936,1.415822719955503
LEMON,sub-010155,6.211472502703197,9.83643589835802,7.9345703125,9.8876953125,1.345762265142748,0.2758648545799611,1.583591635329185
LEMON,sub-010157,6.068340057504264,10.082274986418753,7.9345703125,10.009765625,1.1176764577507758,0.2491320905071163,1.6614551740472676
LEMON,sub-010162,6.383977263266536,9.219052020283762,7.9345703125,8.9111328125,0.8731046382743356,0.3527243849654594,1.444092239070191
LEMON,sub-010163,5.706734085305844,10.45936359954771,4.0283203125,10.498046875,-0.163906473568991,0.2104098367026866,1.832810753611127
LEMON,sub-010164,5.657938780310701,10.846492443368325,5.126953125,11.1083984375,-0.7797053596191346,0.1927319374414445,1.9170395553082846
LEMON,sub-010165,6.42901840828969,9.668187673774655,7.9345703125,8.7890625,1.0236142068897047,0.3087211312652045,1.5038357428419125
LEMON,sub-010166,5.792763846656001,10.599877507848843,4.2724609375,10.986328125,-0.1434222936821608,0.2080250375756372,1.8298480291006258
LEMON,sub-010168,5.9821876311313416,9.943326092528482,5.0048828125,10.25390625,1.1112071007647686,0.2524526748421938,1.6621555032448918
LEMON,sub-010170,6.390871365083399,9.846861491785864,7.9345703125,8.4228515625,1.1489198579133684,0.2893526784910553,1.5407697838489298
LEMON,sub-010176,6.029795499931851,10.099198928058325,7.9345703125,9.8876953125,0.9970852782695458,0.2457362651951156,1.6748824944680905
LEMON,sub-010183,5.999284490010102,10.395268078457825,6.2255859375,10.009765625,0.5367168984540653,0.2274803760932857,1.732751313222074
LEMON,sub-010191,6.190222936971631,9.477026474057244,7.9345703125,8.9111328125,1.1124712599076167,0.3042469647841178,1.5309669087125926
LEMON,sub-010192,5.90783947561061,10.574810365959609,4.0283203125,10.6201171875,0.1311549717683137,0.2142717457415337,1.7899623728125484
LEMON,sub-010194,5.750570046837384,10.502430945323628,4.39453125,10.498046875,-0.1191281854826963,0.2104438705936364,1.8263286699897872
LEMON,sub-010195,5.7179227449154615,10.381773127451751,4.638671875,10.6201171875,-0.0456302975132894,0.2144151115448478,1.8156546687664707
LEMON,sub-010196,6.1753831068548015,9.62603429646953,7.9345703125,9.3994140625,1.223304353250176,0.2898003724658277,1.5587752419415786
LEMON,sub-010197,5.704334523550026,9.96404645640867,5.9814453125,8.056640625,0.4346948014657864,0.2347576586778513,1.7467500223334838
LEMON,sub-010199,6.125316646114127,9.453232551315846,7.9345703125,9.033203125,1.1587817889006744,0.3004883622320335,1.5433051215912132
LEMON,sub-010200,6.1310763670709765,9.495800653596708,7.9345703125,9.3994140625,1.1808083854542162,0.2972011715802594,1.5487982998543492
LEMON,sub-010201,5.825305888810865,9.99061502629727,4.0283203125,9.27734375,0.6699284127478112,0.2400782191651348,1.7150369812316724
LEMON,sub-010202,5.604464440694813,10.596376408314509,4.0283203125,11.71875,-0.576934568902886,0.2003240454732683,1.890702763920262
LEMON,sub-010204,6.038085689622414,9.789038088003242,7.568359375,9.27734375,1.534761070736541,0.2665989577558141,1.6212154963000185
LEMON,sub-010207,5.959266242680535,9.962766650730876,6.2255859375,8.1787109375,1.024061490965513,0.2497814157803442,1.671810965480463
LEMON,sub-010210,5.679070009778092,10.696163172047871,4.0283203125,10.7421875,-0.5231097601493699,0.19931860295526,1.8834356952161997
LEMON,sub-010213,6.249243780646378,9.575216292736322,7.9345703125,9.6435546875,1.116987838926479,0.3006639400551236,1.532219997944444
LEMON,sub-010214,5.752921181177294,10.549731674635254,4.2724609375,10.25390625,-0.1707833882696229,0.20847185882449,1.8338043130422876
LEMON,sub-010215,5.914319177488586,10.53330872727178,4.7607421875,10.986328125,0.1932763010177419,0.2164975671025144,1.7809841523880299
LEMON,sub-010216,6.294575797391877,9.94336940066014,7.568359375,9.27734375,1.3245895349972945,0.2740631860087371,1.5796726770341094
LEMON,sub-010218,6.163121951129774,10.115329738199652,7.568359375,9.8876953125,1.3143896937717094,0.2530231338725712,1.6412671724507073
LEMON,sub-010220,6.388304892214975,9.67705919829938,7.9345703125,9.8876953125,1.05762326941257,0.3040664965911063,1.5148086012757787
LEMON,sub-010222,5.692150608390694,10.739402946000745,4.0283203125,10.7421875,-0.5472205744407136,0.1981276015364658,1.8867039340403238
LEMON,sub-010223,5.738528636372469,10.433198867365588,4.150390625,10.6201171875,-0.0624260185682699,0.2130075065546101,1.818096506696321
LEMON,sub-010224,5.830716418170757,10.412780602324728,4.0283203125,10.25390625,0.1595755179774088,0.2182422506123491,1.7858492602854934
LEMON,sub-010226,5.658145675150559,10.10687043095523,4.39453125,9.3994140625,0.1567944303144209,0.2247835177249852,1.7862513641779458
LEMON,sub-010227,6.252956055061945,9.58333073380129,7.9345703125,9.521484375,1.1183946933051672,0.3002665154716263,1.5326080416067072
LEMON,sub-010228,5.78687625615639,10.160826265926506,5.615234375,10.3759765625,0.3696545709788183,0.2286262983724767,1.7558395611305622
LEMON,sub-010230,6.166012287325255,10.09586034494834,5.9814453125,9.27734375,1.3552977672723632,0.2544627642944639,1.6373402897203448
LEMON,sub-010231,5.79887834181454,10.432543791224226,4.638671875,10.25390625,0.0684474346848712,0.215811868793289,1.7990623662506007
LEMON,sub-010232,5.722805665880776,10.245474187685923,4.8828125,9.3994140625,0.128902702684026,0.2211083998702754,1.790288677592039
LEMON,sub-010233,5.863813737782152,10.372995419745122,6.4697265625,10.498046875,0.2769097244692166,0.221769729084119,1.7689844670387604
LEMON,sub-010234,5.94488495765222,9.76556799786532,4.150390625,9.8876953125,1.2998637843929646,0.2617333051380845,1.6426841002692811
LEMON,sub-010236,6.287093110896419,9.484434704047189,7.9345703125,8.9111328125,1.0379495912837835,0.3127598258947883,1.508556424527788
LEMON,sub-010238,6.248024519114842,9.667161923026958,7.9345703125,9.27734375,1.1744453396287076,0.292471428277734,1.5472349529762257
LEMON,sub-010239,5.702776265485338,9.583648451936575,4.150390625,8.7890625,0.948395734129176,0.2576740361332085,1.6805233110650457
LEMON,sub-010240,5.77886268998934,9.934223469560818,4.150390625,9.765625,0.6391921463571832,0.2406529909306996,1.719062037374545
LEMON,sub-010241,5.681054806940284,10.51111697980758,5.4931640625,10.8642578125,-0.2850105135391819,0.2070366724506083,1.8502051708719005
LEMON,sub-010242,5.984961369772226,10.535889330858886,6.4697265625,10.7421875,0.3373627896811867,0.2197354052954998,1.7603938738972775
LEMON,sub-010243,6.319309917662637,9.528569696504617,7.9345703125,8.7890625,1.0357757874801825,0.3115983338565496,1.5078497210386872
LEMON,sub-010244,5.977270554116292,10.775563643826612,6.4697265625,10.6201171875,0.0430363012124293,0.208407444335663,1.8027565502126952
LEMON,sub-010245,6.659190393664969,9.329591566263588,7.9345703125,8.544921875,0.7906587566122688,0.3744755695365729,1.4010098847960601
LEMON,sub-010246,6.839467009399689,9.48309319435277,7.9345703125,8.544921875,0.7664927223213027,0.3782683064995241,1.386525175327239
LEMON,sub-010247,6.325088774652584,9.644022803117958,7.9345703125,9.521484375,1.090559231429268,0.3013015599054812,1.524725287930472
LEMON,sub-010248,6.619301609678644,9.928270276345607,7.9345703125,8.544921875,1.0119778470471033,0.3022089662176443,1.4998969471082326
LEMON,sub-010249,6.199873408487917,9.582180049838591,7.9345703125,9.1552734375,1.1676500589087548,0.2956562210458436,1.545544468169324
LEMON,sub-010250,6.492676549836131,9.939351279879933,7.6904296875,10.1318359375,1.112072573522816,0.2901347177565814,1.5308557578046595
LEMON,sub-010251,5.994427987598976,10.30194726084796,4.0283203125,10.7421875,0.6428026414518238,0.2321521823965609,1.718587208347519
LEMON,sub-010252,5.576650512101826,10.049027727194147,4.39453125,10.009765625,0.048357974590762,0.2235947353960744,1.801982696492611
LEMON,sub-010254,6.32984456934584,9.38864333897536,7.9345703125,8.1787109375,0.9657567175420868,0.3269257232377923,1.4832344200744936
LEMON,sub-010255,5.7578838496284455,10.299027881260816,4.0283203125,9.765625,0.139990198620069,0.2202088269022679,1.7886828130312857
LEMON,sub-010256,6.079149596580476,10.075801311612045,7.9345703125,9.6435546875,1.1552233641435,0.2502094431293474,1.6574359869807591
LEMON,sub-010257,5.845314994380296,9.71935621183593,4.0283203125,8.30078125,1.105639547691847,0.2581283842552334,1.6627600430738376
LEMON,sub-010258,5.776210574858832,9.781807138928905,4.0283203125,8.1787109375,0.840428887998963,0.2496507034607358,1.69346442830609
LEMON,sub-010260,6.266088866306935,10.3877277223486,7.9345703125,10.7421875,1.152084825881214,0.2426219363043318,1.6577689758285934
LEMON,sub-010261,5.829484119326051,10.122857065915367,4.0283203125,10.1318359375,0.509201835526608,0.2329171056044424,1.7364927768403757
LEMON,sub-010262,6.199992131275011,9.851644936137689,7.9345703125,9.8876953125,1.3761604685087148,0.2738485977276817,1.5889770063485105
LEMON,sub-010263,6.5673438808529045,9.291648190724512,7.568359375,9.3994140625,0.815253590791421,0.3670661887427431,1.414825896023858
LEMON,sub-010264,5.913649389765929,10.36433008968582,4.150390625,10.498046875,0.392657530618881,0.2246847319372965,1.752611527430451
LEMON,sub-010265,6.273950471114554,10.647044997497046,6.4697265625,11.1083984375,0.8115464599136544,0.2286710232232778,1.6970240754236654
LEMON,sub-010266,5.876214173425947,10.370661976025769,4.0283203125,11.1083984375,0.3059046723014763,0.2224967435202046,1.7648543211588679
LEMON,sub-010267,7.013869894765295,8.953315559712014,7.9345703125,8.4228515625,0.6233250937607083,0.5156112481385101,1.2765157743222748
LEMON,sub-010268,6.116519890485071,9.683325171180368,7.9345703125,9.27734375,1.3432987676307362,0.2803629358216786,1.5831429218833835
LEMON,sub-010269,6.134586231715675,10.441356821174503,7.9345703125,11.1083984375,0.7713239648853982,0.2321925394511566,1.7020474448941512
LEMON,sub-010270,6.068331102266667,10.799114763898372,6.8359375,11.3525390625,0.2029834354842659,0.2113814690175639,1.7795856194901172
LEMON,sub-010271,5.728262986257642,10.145687054710931,4.0283203125,9.765625,0.2616634362741263,0.2263762737069838,1.7711629300279834
LEMON,sub-010272,5.743431828202178,9.621904713446089,4.0283203125,8.30078125,0.9935454811081748,0.2578334384661069,1.6752883992109573
LEMON,sub-010273,5.95454945955422,9.512675678790036,7.9345703125,8.7890625,1.4279634752282315,0.2810468033972025,1.5975475127722243
LEMON,sub-010274,6.055936653759774,10.023814465003008,7.9345703125,10.009765625,1.1763885875616114,0.2520238897393554,1.655204642667425
LEMON,sub-010275,5.501581974838234,10.081196874965409,4.150390625,8.7890625,-0.1611878948137198,0.2183589716183843,1.8324178247406433
LEMON,sub-010276,5.423849726946675,10.309072893927034,4.0283203125,9.3994140625,-0.6522974602834238,0.2046989391926013,1.9006929418987548
LEMON,sub-010277,5.96382831293788,10.103074681009744,6.591796875,8.056640625,0.8355850035603354,0.2415898719422729,1.6940586064646121
LEMON,sub-010278,6.6913370003929895,9.419967652779484,7.9345703125,8.7890625,0.8025224085059994,0.3664841920343406,1.4077855669541437
LEMON,sub-010279,5.354247335929187,10.345409632763367,4.39453125,8.7890625,-0.903389171856424,0.2003541340729964,1.9321874735486055
LEMON,sub-010280,5.818204511413905,10.450489364510196,4.0283203125,10.3759765625,0.0883522523199859,0.2158761889031035,1.7961708537417123
LEMON,sub-010282,5.493436164185864,10.011362156960468,4.0283203125,9.521484375,-0.0922052857308934,0.2213405003975879,1.8224225890215962
LEMON,sub-010283,5.546449715128136,9.828490068515004,4.0283203125,9.1552734375,0.2555850057651181,0.2335335301567284,1.7720326647346054
LEMON,sub-010284,6.049789249327101,10.088350946223592,7.9345703125,8.30078125,1.0620262818038,0.2476129065376093,1.6675541131198393
LEMON,sub-010286,6.009940202567535,9.5527784786216,7.9345703125,9.6435546875,1.3791763782699151,0.2822595676350708,1.5894964270260978
LEMON,sub-010287,6.516538208750216,9.49851225683872,7.9345703125,8.056640625,0.9028638519574996,0.3353483242555436,1.4576009458648456
LEMON,sub-010288,6.44344593368905,9.958237003970348,7.9345703125,10.25390625,1.1674051474980691,0.2845119325741224,1.545483132232784
LEMON,sub-010289,6.973307922350988,8.91959034237299,7.9345703125,8.1787109375,0.6260571310931311,0.5138000475741312,1.279104614580942
LEMON,sub-010290,6.245214402849554,10.226301686481936,7.9345703125,10.009765625,1.3540143279629853,0.2511876602433068,1.6374620672455855
LEMON,sub-010291,5.592501457909182,10.261764881537353,4.150390625,9.521484375,-0.1784758651575325,0.2141665417589499,1.8349150123196976
LEMON,sub-010292,5.8166749363705215,10.177866719017016,5.0048828125,10.3759765625,0.4129624232554768,0.2292951215718313,1.7497740255995435
LEMON,sub-010294,6.49294780147239,9.543482687161385,7.9345703125,9.27734375,0.9317210414978948,0.3278113634075486,1.4698227952790923
LEMON,sub-010295,6.552826926268298,9.43815613930337,7.9345703125,9.033203125,0.8651593903610924,0.3465809015769476,1.440318239059338
LEMON,sub-010296,5.982565185087786,10.600302221100035,5.615234375,10.7421875,0.2567513263748356,0.2165562898452902,1.771865728688168
LEMON,sub-010297,5.561683073842479,10.586497836263442,4.0283203125,10.25390625,-0.6735613898221546,0.1990123113549759,1.9034701718358429
LEMON,sub-010298,5.949428748176809,10.066733812271089,6.591796875,9.3994140625,0.8519933743697646,0.2428773152421191,1.6920504872599778
LEMON,sub-010299,6.397929537060563,10.788461941791738,6.8359375,11.474609375,0.9000741456944614,0.2277628104788417,1.6862426944996245
LEMON,sub-010300,6.218268569243658,9.76122985723897,7.9345703125,9.8876953125,1.2742995330396627,0.2822497675569644,1.5697665272161525
LEMON,sub-010301,6.415199575950114,9.780103826529778,7.9345703125,9.765625,1.08985662900707,0.2971852764689314,1.5245205875113106
LEMON,sub-010302,5.86188371973826,10.75778298233786,4.39453125,11.474609375,-0.1805142820849122,0.2042525686014677,1.8352092086224814
LEMON,sub-010303,5.736890548342903,10.46924400308683,5.0048828125,10.1318359375,-0.109267419438295,0.2113113505918613,1.8248986824597628
LEMON,sub-010304,7.189790053811238,9.622110773190537,7.9345703125,10.1318359375,0.6960844778888796,0.4111299928634365,1.338302050710083
LEMON,sub-010305,6.483914480221854,9.288772872992336,7.9345703125,9.3994140625,0.8493530677190704,0.3565242375791584,1.4325871973367716
LEMON,sub-010306,5.796804466359155,9.897862692816704,6.4697265625,9.1552734375,0.7285712213334078,0.2438395030698673,1.7074687873736982
LEMON,sub-010307,5.927594302695471,10.7358230584211,4.2724609375,10.8642578125,-0.0147312275138069,0.2079767937016727,1.8111602296296105
LEMON,sub-010308,5.90821733228585,10.483193640310477,4.2724609375,8.6669921875,0.2394732357131106,0.2185803669072502,1.7743412353882722
LEMON,sub-010309,6.054456534572688,9.669250284332248,7.9345703125,9.6435546875,1.4248122136847556,0.276640956366187,1.5970467752337552
LEMON,sub-010310,5.748975525855584,10.394454615661186,4.0283203125,10.6201171875,0.0066232474147691,0.2152630505203386,1.8080533773213872
LEMON,sub-010311,5.805449547792855,9.686516312891593,4.0283203125,9.27734375,1.053339318100302,0.2576611175547657,1.6685213148694509
LEMON,sub-010314,6.060094169734359,10.753326502764413,7.9345703125,11.5966796875,0.2387236734909936,0.2130727671336863,1.7744487464352023
LEMON,sub-010315,5.783381229074424,10.702370186836989,4.0283203125,10.8642578125,-0.2873494812743965,0.2032938086640586,1.850538597219503
LEMON,sub-010316,5.55583202430859,9.97285428510618,4.0283203125,10.009765625,0.0962486282903508,0.2263968667025527,1.795024443048614
LEMON,sub-010317,5.882150369302124,9.805368144654343,4.39453125,9.6435546875,1.067290412812722,0.2548928092349454,1.6669699904012623
LEMON,sub-010318,5.677016875306835,10.801651802774488,4.5166015625,11.1083984375,-0.6676389284213016,0.195135851461355,1.9026985545451058
LEMON,sub-010319,6.24242754277562,9.888137149172492,7.9345703125,10.009765625,1.348129991659637,0.2742950229073018,1.5840211330311815
