subject,theta_centroid,alpha_centroid,theta_peak,alpha_peak,PCI,convergence,theta_frontal,dataset
sub-010002,5.813410585504544,10.510403080953989,4.2724609375,10.6201171875,0.007277737150751845,0.2129021924069121,5.185104220675741,LEMON
sub-010003,6.400239567988427,9.93852989929448,7.6904296875,9.27734375,1.1976087651325231,0.2826223702312411,6.428739321786156,LEMON
sub-010004,6.468165745736527,9.808077088350402,7.9345703125,8.056640625,1.0626364769739514,0.29940914515933886,5.750410464060439,LEMON
sub-010005,6.1888767637021145,9.609388090452246,7.9345703125,9.521484375,1.1969742785959974,0.29235395076154064,5.494333614802092,LEMON
sub-010006,6.706948517104591,9.386805591528924,7.568359375,8.544921875,0.7881752035905345,0.37315422883692867,5.714690021577658,LEMON
sub-010007,6.246242820292734,9.453982664927455,6.9580078125,9.3994140625,1.0535884219877187,0.3117459795477504,5.383326281070234,LEMON
sub-010010,6.137513937397852,9.4380429133989,7.9345703125,9.1552734375,1.1374628510293001,0.302981736343248,5.585652547373276,LEMON
sub-010012,6.020126096227236,10.421748369194132,7.9345703125,10.498046875,0.5485447349316437,0.22718896306519143,5.408814417984585,LEMON
sub-010015,5.675463993209342,10.379279950903909,4.5166015625,8.4228515625,-0.1361731981185367,0.2125933516519043,5.347599544506436,LEMON
sub-010016,5.638966629198494,11.10260544885938,4.0283203125,12.3291015625,-1.2352867052366017,0.18302820391448704,5.412150183069901,LEMON
sub-010017,5.817824305784394,10.250704836931044,4.0283203125,9.521484375,0.3263828889243923,0.22558695028519768,5.543220705513795,LEMON
sub-010019,5.621423840831018,10.61826439429296,4.638671875,11.1083984375,-0.5634518655196982,0.20012645776883428,5.547867529642194,LEMON
sub-010021,6.373123364466828,9.589638831278052,7.9345703125,8.6669921875,1.0262065169201489,0.31089544269823643,5.815787115315689,LEMON
sub-010022,5.889844547407571,10.44703151622192,5.37109375,10.7421875,0.24369155045741223,0.2194336126305943,5.824316486978892,LEMON
sub-010023,5.8673129101445145,10.209501040348846,5.615234375,10.009765625,0.4831124036182887,0.23029863516137952,5.592343403130427,LEMON
sub-010024,6.109347186275766,9.590093650347818,7.9345703125,9.521484375,1.2741762267123542,0.28729469679044684,5.605653052559678,LEMON
sub-010026,6.054216148283723,9.468518287976307,7.9345703125,9.3994140625,1.2467501125454399,0.2928856202778931,5.6129859440621885,LEMON
sub-010027,5.884506429164602,9.270520509689415,5.0048828125,8.6669921875,1.3024140889124496,0.2953324989850619,5.487932680911295,LEMON
sub-010028,5.778910294371247,10.341547712499809,4.2724609375,10.6201171875,0.13412269975605956,0.21917148095676775,5.378386640097211,LEMON
sub-010029,6.427359187032525,9.765590568236917,7.9345703125,10.25390625,1.0725265045758654,0.29955982249475244,5.732820613724375,LEMON
sub-010030,5.938559107641745,9.513767025462723,7.9345703125,9.3994140625,1.4569342882466665,0.2797040124618769,5.359202811105439,LEMON
sub-010031,5.9788732118386,10.653100971839526,6.9580078125,10.3759765625,0.18768192279280835,0.21393908284858626,5.466729601136777,LEMON
sub-010032,5.752938266280181,10.361254486781728,4.0283203125,9.8876953125,0.05486254819928287,0.21699899749743407,5.473222476692078,LEMON
sub-010033,6.170802448517079,9.82696682629128,6.8359375,9.521484375,1.3968850253685863,0.2735106785895605,5.908816201288031,LEMON
sub-010034,5.825955257388618,10.475434644974156,4.0283203125,11.71875,0.07532514975504682,0.21507784348288023,5.467445619797441,LEMON
sub-010035,5.71445786361492,10.893409408079528,4.638671875,10.986328125,-0.6952966639944027,0.19308927519679633,5.298455048425252,LEMON
sub-010036,5.8240640537572,10.47626975848554,4.150390625,9.8876953125,0.07031986516254973,0.21495180210617837,5.325277716070106,LEMON
sub-010037,6.543617172519425,9.944006929104576,7.9345703125,10.25390625,1.073426363467911,0.29408393495581286,5.838511761356721,LEMON
sub-010038,6.347878643434711,10.118045772489712,7.9345703125,8.6669921875,1.4055278349174047,0.26524023094187127,5.649235644398371,LEMON
sub-010039,5.907136657523048,10.27814358213648,4.5166015625,9.521484375,0.483917894553166,0.22878023696758137,5.326246571726101,LEMON
sub-010040,6.131420155065101,9.713163360785778,7.9345703125,9.6435546875,1.3489091348855673,0.2791936614559143,5.730150476878513,LEMON
sub-010041,5.8878396985078405,10.136880131321355,4.5166015625,9.3994140625,0.619480012319208,0.23534725447125177,5.221988329763113,LEMON
sub-010042,6.132625733352752,10.328365545685042,7.080078125,9.8876953125,0.9174955289611088,0.23833699054949956,5.543399286996712,LEMON
sub-010045,6.375541369498443,10.26981616727629,7.9345703125,10.1318359375,1.5178655515429118,0.25678722019581685,5.7728344240720375,LEMON
sub-010046,5.89491159030641,9.904443898443184,4.150390625,8.1787109375,0.9514284584340978,0.24940564713012608,5.314357609437982,LEMON
sub-010047,6.0757215421204895,9.6505317582838,7.9345703125,9.6435546875,1.3726911663961194,0.279735129847888,5.815341990439481,LEMON
sub-010048,6.027062693233548,10.039968875316246,7.9345703125,9.033203125,1.0777431224120315,0.24919595789827312,5.27647972012801,LEMON
sub-010049,5.792929633815311,9.981074247395686,4.0283203125,8.7890625,0.6095876601421899,0.2387692145962259,5.350288344218658,LEMON
sub-010050,5.653520972416885,10.044639412484615,4.0283203125,9.521484375,0.2230077019271425,0.2277324134269026,5.298109637962179,LEMON
sub-010051,5.552616370116718,10.378006702822464,4.0283203125,9.6435546875,-0.4184871616680064,0.20723712094794805,5.341347472016916,LEMON
sub-010052,5.688310021659784,10.279596826497354,5.37109375,8.1787109375,0.012871968691988823,0.2178038625133064,5.549643341138163,LEMON
sub-010053,5.732335159302099,10.140305406951551,4.0283203125,9.521484375,0.27703982469261335,0.22686178531564485,5.637472275787057,LEMON
sub-010056,5.803175933583482,10.228832893323686,4.0283203125,8.4228515625,0.3215955959348692,0.22595515402502012,5.38128422538825,LEMON
sub-010059,6.072853905360661,10.180587906865654,7.9345703125,9.8876953125,0.9838013510215974,0.24344322189158787,5.609172677349328,LEMON
sub-010060,6.403350124093603,9.223253414944338,7.9345703125,9.3994140625,0.8652868626330215,0.35462209049669585,6.505977615962343,LEMON
sub-010061,6.070671127147902,10.423413655976445,7.9345703125,10.986328125,0.6548113000812902,0.22974021398622235,5.632775072695504,LEMON
sub-010062,6.099828871867923,10.079396775947956,7.2021484375,10.25390625,1.2032698203019352,0.25128356246283795,5.7364378860450245,LEMON
sub-010063,6.293313281355736,9.648703266524276,7.9345703125,9.6435546875,1.1204298309722722,0.2980279503784031,5.439563719027346,LEMON
sub-010064,6.116462040312868,9.865504643452772,7.568359375,9.27734375,1.5335545310024141,0.2667347656072189,5.625315059161664,LEMON
sub-010065,6.948223060997406,8.998339435370927,7.9345703125,8.056640625,0.6434527790349714,0.48777718791967717,6.111239145063274,LEMON
sub-010066,6.614915703344413,9.351543236584885,7.9345703125,8.9111328125,0.8131992708743538,0.3654132642654109,5.515851598143372,LEMON
sub-010067,5.966166334215042,10.004678444097658,5.9814453125,9.6435546875,0.9795269897695678,0.24761594686144595,5.9681619577264176,LEMON
sub-010068,6.0103226792258,9.963806433640062,7.9345703125,9.6435546875,1.1519595373836413,0.25294147190650523,5.525561693267554,LEMON
sub-010069,6.198597572790922,9.346691865088395,6.9580078125,9.033203125,1.035844238039488,0.3176524929531897,6.202611639528996,LEMON
sub-010070,5.775540482437836,10.050330926958251,4.0283203125,8.056640625,0.4824570566767155,0.2339295956090285,5.301816672310307,LEMON
sub-010071,6.481230846651621,9.238848925358456,7.9345703125,8.544921875,0.8353472768232679,0.3626317972461737,5.549337095749277,LEMON
sub-010072,5.7911746783841975,10.285522422843906,4.2724609375,10.25390625,0.2274393796286768,0.22250169698878425,6.207194071997138,LEMON
sub-010073,5.953266611312701,10.104092320297898,4.2724609375,10.1318359375,0.809845369649188,0.24091592133953565,5.669462974431731,LEMON
sub-010074,5.887626555907967,10.05860249324042,4.5166015625,10.25390625,0.721052011675407,0.23975204245353424,5.9431331972946735,LEMON
sub-010075,5.924110639503958,10.32803797547476,4.0283203125,10.009765625,0.45895803933808366,0.22707004991479038,5.451572209411631,LEMON
sub-010076,5.665043922310692,11.091156234039024,4.2724609375,11.5966796875,-1.1292271477957811,0.1842940106194519,5.1987386269471445,LEMON
sub-010077,6.170399030054475,10.30698541281409,7.9345703125,10.1318359375,1.036639809920421,0.2417452235901034,5.360968733931721,LEMON
sub-010078,6.157305634207327,9.8547226426353,7.6904296875,9.765625,1.4468323704931405,0.2704590793304023,5.663349117156056,LEMON
sub-010079,5.946676297733083,10.349036140127165,5.615234375,10.6201171875,0.48135218116564754,0.2271508999264772,5.571854226269991,LEMON
sub-010080,6.251718119594676,9.04535171397645,7.9345703125,8.9111328125,0.8790276587286073,0.3579567492355053,6.299757379907946,LEMON
sub-010081,6.040140442042704,10.358333154267385,7.9345703125,10.498046875,0.670857349770786,0.23157836313535254,5.585591123581083,LEMON
sub-010083,5.89648662581899,10.238766524208645,5.0048828125,10.009765625,0.5097486190859609,0.23029376811265725,5.52287681538084,LEMON
sub-010084,6.5082368372516,9.920760508782218,7.9345703125,10.7421875,1.0892348607045206,0.2930382603181974,6.225294253315442,LEMON
sub-010085,6.263275718640182,10.076258161857584,7.9345703125,9.033203125,1.5032455680391457,0.26226189469579564,5.724989199443086,LEMON
sub-010086,5.636552920583346,9.490370235671575,4.0283203125,9.27734375,0.921273631477058,0.25948297966404926,5.2144191544069525,LEMON
sub-010087,6.006683808731359,10.363637356442169,7.9345703125,10.498046875,0.5917412629025494,0.2295181688419448,5.508365303079922,LEMON
sub-010088,5.84830304165498,10.291200136416716,4.5166015625,10.3759765625,0.34234203360983406,0.22507836185965682,5.447841890299709,LEMON
sub-010089,6.122409474592087,10.129010011280029,7.8125,10.1318359375,1.1839294225497985,0.24958814607124535,5.49439819321561,LEMON
sub-010090,6.101916620970975,10.122755548254672,7.9345703125,9.3994140625,1.141023482547269,0.2487043172046577,5.642861903437919,LEMON
sub-010091,6.408342312067607,9.528154136442248,7.9345703125,9.8876953125,0.9753579870023732,0.32053215267252455,5.593946410638831,LEMON
sub-010092,5.81303716909177,9.595359560292229,4.0283203125,9.521484375,1.2202271705084022,0.2643878275227124,5.361533327459361,LEMON
sub-010093,5.973657599721676,9.864810421348537,6.2255859375,9.27734375,1.2131772703981833,0.2569932474617915,5.550346990503648,LEMON
sub-010094,5.645539912338511,10.991434457847976,5.2490234375,10.8642578125,-1.0302617213317276,0.18705943252097945,5.21961437562855,LEMON
sub-010100,6.621916050691977,9.68669534687469,7.9345703125,8.7890625,0.9149583333450126,0.32628776931687525,6.047111323126646,LEMON
sub-010104,6.097201402601164,10.101156581662863,7.9345703125,10.1318359375,1.1622981148417633,0.2497530454959647,5.712918590727224,LEMON
sub-010134,5.546906931931537,10.521008862789818,4.8828125,10.25390625,-0.6222314450250696,0.20104131638240272,5.307865740892897,LEMON
sub-010136,5.810309451518432,9.844330775004552,6.2255859375,10.3759765625,0.8337269434986135,0.24789159992238713,5.661747521034699,LEMON
sub-010137,6.61004990263583,9.42503311518057,7.9345703125,9.6435546875,0.8360963164824533,0.3552419053668181,5.629073859027522,LEMON
sub-010138,5.9928300738095945,10.164434573907034,7.9345703125,9.8876953125,0.8190191498528375,0.23971591745493664,5.415902579566854,LEMON
sub-010141,6.000618778862018,10.694899655853137,6.9580078125,11.23046875,0.1841550588929205,0.21302517386666633,5.458150072600618,LEMON
sub-010142,5.756760226294589,11.074865507715748,4.638671875,12.5732421875,-0.8341713256228556,0.18803689417234887,5.330649265450858,LEMON
sub-010146,6.242230925236608,9.958356871471777,7.9345703125,10.1318359375,1.4140691399059067,0.2690974456915559,5.510376791418414,LEMON
sub-010148,6.320091517997539,9.490509144968092,7.9345703125,8.1787109375,1.0170949883522526,0.31541585925244037,5.560000363428606,LEMON
sub-010150,5.780250971667009,10.64101428600894,4.2724609375,10.986328125,-0.22020414964774745,0.20572900495884028,5.454905486466234,LEMON
sub-010152,6.620063317273651,9.37283605214003,7.9345703125,9.27734375,0.8170906898292101,0.3632700903107936,5.729269485277721,LEMON
sub-010155,6.211472502703197,9.83643589835802,7.9345703125,9.8876953125,1.3457622651427479,0.2758648545799611,5.45244875432822,LEMON
sub-010157,6.068340057504264,10.082274986418753,7.9345703125,10.009765625,1.1176764577507758,0.24913209050711632,5.539044520403131,LEMON
sub-010162,6.383977263266536,9.219052020283762,7.9345703125,8.9111328125,0.8731046382743356,0.3527243849654594,5.500180034334795,LEMON
sub-010163,5.706734085305844,10.45936359954771,4.0283203125,10.498046875,-0.163906473568991,0.21040983670268662,5.470084305970456,LEMON
sub-010164,5.657938780310701,10.846492443368325,5.126953125,11.1083984375,-0.7797053596191346,0.19273193744144457,5.486506200880897,LEMON
sub-010165,6.42901840828969,9.668187673774655,7.9345703125,8.7890625,1.0236142068897047,0.3087211312652045,5.978865760419864,LEMON
sub-010166,5.792763846656001,10.599877507848843,4.2724609375,10.986328125,-0.14342229368216086,0.20802503757563723,5.420524427964855,LEMON
sub-010168,5.9821876311313416,9.943326092528482,5.0048828125,10.25390625,1.1112071007647686,0.2524526748421938,5.435460482239301,LEMON
sub-010170,6.390871365083399,9.846861491785864,7.9345703125,8.4228515625,1.1489198579133684,0.28935267849105534,6.217598785358788,LEMON
sub-010176,6.029795499931851,10.099198928058325,7.9345703125,9.8876953125,0.9970852782695458,0.24573626519511566,5.645195524961346,LEMON
sub-010183,5.999284490010102,10.395268078457825,6.2255859375,10.009765625,0.5367168984540653,0.22748037609328578,5.466928727976562,LEMON
sub-010191,6.190222936971631,9.477026474057244,7.9345703125,8.9111328125,1.1124712599076167,0.3042469647841178,5.439541922718169,LEMON
sub-010192,5.90783947561061,10.574810365959609,4.0283203125,10.6201171875,0.1311549717683137,0.21427174574153374,5.568938488658819,LEMON
sub-010194,5.750570046837384,10.502430945323628,4.39453125,10.498046875,-0.11912818548269634,0.21044387059363645,5.373679212046605,LEMON
sub-010195,5.7179227449154615,10.381773127451751,4.638671875,10.6201171875,-0.045630297513289404,0.21441511154484788,5.496318225957607,LEMON
sub-010196,6.1753831068548015,9.62603429646953,7.9345703125,9.3994140625,1.223304353250176,0.28980037246582774,5.619489927627881,LEMON
sub-010197,5.704334523550026,9.96404645640867,5.9814453125,8.056640625,0.4346948014657864,0.2347576586778513,5.551886217455362,LEMON
sub-010199,6.125316646114127,9.453232551315846,7.9345703125,9.033203125,1.1587817889006744,0.30048836223203357,5.326523795432262,LEMON
sub-010200,6.1310763670709765,9.495800653596708,7.9345703125,9.3994140625,1.1808083854542162,0.29720117158025944,5.43731213996755,LEMON
sub-010201,5.825305888810865,9.99061502629727,4.0283203125,9.27734375,0.6699284127478112,0.24007821916513486,5.47465115273593,LEMON
sub-010202,5.604464440694813,10.596376408314509,4.0283203125,11.71875,-0.576934568902886,0.2003240454732683,5.409841857469134,LEMON
sub-010204,6.038085689622414,9.789038088003242,7.568359375,9.27734375,1.5347610707365413,0.26659895775581416,5.543107424149997,LEMON
sub-010207,5.959266242680535,9.962766650730876,6.2255859375,8.1787109375,1.024061490965513,0.24978141578034424,5.701389642932811,LEMON
sub-010210,5.679070009778092,10.696163172047871,4.0283203125,10.7421875,-0.5231097601493699,0.19931860295526002,5.271196710585127,LEMON
sub-010213,6.249243780646378,9.575216292736322,7.9345703125,9.6435546875,1.1169878389264787,0.30066394005512365,5.431476159760095,LEMON
sub-010214,5.752921181177294,10.549731674635254,4.2724609375,10.25390625,-0.17078338826962297,0.20847185882449001,5.430690078662128,LEMON
sub-010215,5.914319177488586,10.53330872727178,4.7607421875,10.986328125,0.1932763010177419,0.21649756710251444,5.391869333786195,LEMON
sub-010216,6.294575797391877,9.94336940066014,7.568359375,9.27734375,1.3245895349972943,0.2740631860087371,5.872172440350625,LEMON
sub-010218,6.163121951129774,10.115329738199652,7.568359375,9.8876953125,1.3143896937717094,0.2530231338725712,5.478823524000232,LEMON
sub-010220,6.388304892214975,9.67705919829938,7.9345703125,9.8876953125,1.05762326941257,0.30406649659110635,5.71104952477352,LEMON
sub-010222,5.692150608390694,10.739402946000745,4.0283203125,10.7421875,-0.5472205744407136,0.19812760153646589,5.252186009251762,LEMON
sub-010223,5.738528636372469,10.433198867365588,4.150390625,10.6201171875,-0.06242601856826994,0.21300750655461015,5.688325250342434,LEMON
sub-010224,5.830716418170757,10.412780602324728,4.0283203125,10.25390625,0.15957551797740885,0.21824225061234911,5.500755574225389,LEMON
sub-010226,5.658145675150559,10.10687043095523,4.39453125,9.3994140625,0.15679443031442092,0.22478351772498528,5.299233140280647,LEMON
sub-010227,6.252956055061945,9.58333073380129,7.9345703125,9.521484375,1.1183946933051672,0.3002665154716263,5.377787446182473,LEMON
sub-010228,5.78687625615639,10.160826265926506,5.615234375,10.3759765625,0.3696545709788183,0.22862629837247672,5.590450392438499,LEMON
sub-010230,6.166012287325255,10.09586034494834,5.9814453125,9.27734375,1.3552977672723632,0.25446276429446396,5.831479945913448,LEMON
sub-010231,5.79887834181454,10.432543791224226,4.638671875,10.25390625,0.06844743468487126,0.21581186879328906,5.358452595139007,LEMON
sub-010232,5.722805665880776,10.245474187685923,4.8828125,9.3994140625,0.12890270268402604,0.22110839987027545,5.698703560847579,LEMON
sub-010233,5.863813737782152,10.372995419745122,6.4697265625,10.498046875,0.2769097244692166,0.22176972908411904,5.532396034548741,LEMON
sub-010234,5.94488495765222,9.76556799786532,4.150390625,9.8876953125,1.2998637843929646,0.26173330513808457,5.350614436652249,LEMON
sub-010236,6.287093110896419,9.484434704047189,7.9345703125,8.9111328125,1.0379495912837837,0.31275982589478835,5.575795290784502,LEMON
sub-010238,6.248024519114842,9.667161923026958,7.9345703125,9.27734375,1.1744453396287076,0.292471428277734,5.832571100733692,LEMON
sub-010239,5.702776265485338,9.583648451936575,4.150390625,8.7890625,0.9483957341291761,0.2576740361332085,5.45848307801299,LEMON
sub-010240,5.77886268998934,9.934223469560818,4.150390625,9.765625,0.6391921463571832,0.24065299093069964,5.4117030757457325,LEMON
sub-010241,5.681054806940284,10.51111697980758,5.4931640625,10.8642578125,-0.28501051353918194,0.20703667245060833,5.406884093833057,LEMON
sub-010242,5.984961369772226,10.535889330858886,6.4697265625,10.7421875,0.3373627896811867,0.21973540529549987,5.962470146795647,LEMON
sub-010243,6.319309917662637,9.528569696504617,7.9345703125,8.7890625,1.0357757874801823,0.31159833385654967,5.326079288594764,LEMON
sub-010244,5.977270554116292,10.775563643826612,6.4697265625,10.6201171875,0.0430363012124293,0.20840744433566305,5.596667481044338,LEMON
sub-010245,6.659190393664969,9.329591566263588,7.9345703125,8.544921875,0.7906587566122688,0.3744755695365729,5.499730869152305,LEMON
sub-010246,6.839467009399689,9.48309319435277,7.9345703125,8.544921875,0.7664927223213027,0.37826830649952414,5.484006747729315,LEMON
sub-010247,6.325088774652584,9.644022803117958,7.9345703125,9.521484375,1.090559231429268,0.30130155990548124,5.397822877796714,LEMON
sub-010248,6.619301609678644,9.928270276345607,7.9345703125,8.544921875,1.0119778470471033,0.3022089662176443,5.900164556990892,LEMON
sub-010249,6.199873408487917,9.582180049838591,7.9345703125,9.1552734375,1.1676500589087548,0.2956562210458436,5.382566131363896,LEMON
sub-010250,6.492676549836131,9.939351279879933,7.6904296875,10.1318359375,1.112072573522816,0.29013471775658145,5.466018705414132,LEMON
sub-010251,5.994427987598976,10.30194726084796,4.0283203125,10.7421875,0.6428026414518238,0.23215218239656096,5.685150108024181,LEMON
sub-010252,5.576650512101826,10.049027727194147,4.39453125,10.009765625,0.048357974590762035,0.22359473539607444,5.657875921339656,LEMON
sub-010254,6.32984456934584,9.38864333897536,7.9345703125,8.1787109375,0.9657567175420867,0.32692572323779234,5.360476134652594,LEMON
sub-010255,5.7578838496284455,10.299027881260816,4.0283203125,9.765625,0.13999019862006903,0.22020882690226798,5.60198414158527,LEMON
sub-010256,6.079149596580476,10.075801311612045,7.9345703125,9.6435546875,1.1552233641435,0.2502094431293474,5.471808700194676,LEMON
sub-010257,5.845314994380296,9.71935621183593,4.0283203125,8.30078125,1.105639547691847,0.2581283842552334,5.468650687901403,LEMON
sub-010258,5.776210574858832,9.781807138928905,4.0283203125,8.1787109375,0.840428887998963,0.24965070346073584,5.410537251137564,LEMON
sub-010260,6.266088866306935,10.3877277223486,7.9345703125,10.7421875,1.152084825881214,0.24262193630433185,5.729273283199985,LEMON
sub-010261,5.829484119326051,10.122857065915367,4.0283203125,10.1318359375,0.509201835526608,0.23291710560444245,5.632699510832578,LEMON
sub-010262,6.199992131275011,9.851644936137689,7.9345703125,9.8876953125,1.3761604685087148,0.2738485977276817,5.758687535904436,LEMON
sub-010263,6.5673438808529045,9.291648190724512,7.568359375,9.3994140625,0.815253590791421,0.3670661887427431,5.719159815284651,LEMON
sub-010264,5.913649389765929,10.36433008968582,4.150390625,10.498046875,0.39265753061888103,0.22468473193729652,5.352569430166704,LEMON
sub-010265,6.273950471114554,10.647044997497046,6.4697265625,11.1083984375,0.8115464599136544,0.22867102322327781,6.091617319934299,LEMON
sub-010266,5.876214173425947,10.370661976025769,4.0283203125,11.1083984375,0.3059046723014763,0.22249674352020468,5.489367004040668,LEMON
sub-010267,7.013869894765295,8.953315559712014,7.9345703125,8.4228515625,0.6233250937607083,0.5156112481385101,5.631779680968063,LEMON
sub-010268,6.116519890485071,9.683325171180368,7.9345703125,9.27734375,1.3432987676307362,0.28036293582167865,5.516321946053044,LEMON
sub-010269,6.134586231715675,10.441356821174503,7.9345703125,11.1083984375,0.7713239648853982,0.2321925394511566,5.646270831578821,LEMON
sub-010270,6.068331102266667,10.799114763898372,6.8359375,11.3525390625,0.20298343548426598,0.21138146901756397,5.8318829114549935,LEMON
sub-010271,5.728262986257642,10.145687054710931,4.0283203125,9.765625,0.2616634362741263,0.22637627370698382,5.451415572169636,LEMON
sub-010272,5.743431828202178,9.621904713446089,4.0283203125,8.30078125,0.9935454811081749,0.2578334384661069,5.291580599092159,LEMON
sub-010273,5.95454945955422,9.512675678790036,7.9345703125,8.7890625,1.4279634752282317,0.28104680339720256,5.285886432839765,LEMON
sub-010274,6.055936653759774,10.023814465003008,7.9345703125,10.009765625,1.1763885875616114,0.25202388973935547,5.382279087255443,LEMON
sub-010275,5.501581974838234,10.081196874965409,4.150390625,8.7890625,-0.16118789481371984,0.21835897161838438,5.218093214243466,LEMON
sub-010276,5.423849726946675,10.309072893927034,4.0283203125,9.3994140625,-0.6522974602834238,0.20469893919260138,5.215651862831468,LEMON
sub-010277,5.96382831293788,10.103074681009744,6.591796875,8.056640625,0.8355850035603354,0.24158987194227297,5.649227029201377,LEMON
sub-010278,6.6913370003929895,9.419967652779484,7.9345703125,8.7890625,0.8025224085059994,0.36648419203434063,5.876215365214098,LEMON
sub-010279,5.354247335929187,10.345409632763367,4.39453125,8.7890625,-0.903389171856424,0.2003541340729964,5.39753324089883,LEMON
sub-010280,5.818204511413905,10.450489364510196,4.0283203125,10.3759765625,0.08835225231998592,0.2158761889031035,5.343222183210243,LEMON
sub-010282,5.493436164185864,10.011362156960468,4.0283203125,9.521484375,-0.09220528573089348,0.22134050039758793,5.27144054356752,LEMON
sub-010283,5.546449715128136,9.828490068515004,4.0283203125,9.1552734375,0.2555850057651181,0.2335335301567284,5.280991364284135,LEMON
sub-010284,6.049789249327101,10.088350946223592,7.9345703125,8.30078125,1.0620262818038,0.24761290653760937,5.431791852180884,LEMON
sub-010286,6.009940202567535,9.5527784786216,7.9345703125,9.6435546875,1.3791763782699151,0.2822595676350708,5.466438514005026,LEMON
sub-010287,6.516538208750216,9.49851225683872,7.9345703125,8.056640625,0.9028638519574995,0.3353483242555436,5.362280934969031,LEMON
sub-010288,6.44344593368905,9.958237003970348,7.9345703125,10.25390625,1.1674051474980691,0.2845119325741224,5.628682307513935,LEMON
sub-010289,6.973307922350988,8.91959034237299,7.9345703125,8.1787109375,0.6260571310931311,0.5138000475741312,5.8101879084354575,LEMON
sub-010290,6.245214402849554,10.226301686481936,7.9345703125,10.009765625,1.3540143279629853,0.25118766024330685,5.456440398102907,LEMON
sub-010291,5.592501457909182,10.261764881537353,4.150390625,9.521484375,-0.17847586515753255,0.2141665417589499,5.725638745708804,LEMON
sub-010292,5.8166749363705215,10.177866719017016,5.0048828125,10.3759765625,0.41296242325547683,0.22929512157183135,5.261552760020198,LEMON
sub-010294,6.49294780147239,9.543482687161385,7.9345703125,9.27734375,0.9317210414978949,0.32781136340754863,5.884608055615232,LEMON
sub-010295,6.552826926268298,9.43815613930337,7.9345703125,9.033203125,0.8651593903610924,0.34658090157694765,5.974567100647609,LEMON
sub-010296,5.982565185087786,10.600302221100035,5.615234375,10.7421875,0.25675132637483566,0.2165562898452902,5.713982076799073,LEMON
sub-010297,5.561683073842479,10.586497836263442,4.0283203125,10.25390625,-0.6735613898221546,0.1990123113549759,5.463598789058176,LEMON
sub-010298,5.949428748176809,10.066733812271089,6.591796875,9.3994140625,0.8519933743697646,0.24287731524211914,5.541683535770408,LEMON
sub-010299,6.397929537060563,10.788461941791738,6.8359375,11.474609375,0.9000741456944614,0.22776281047884175,6.401786533949209,LEMON
sub-010300,6.218268569243658,9.76122985723897,7.9345703125,9.8876953125,1.2742995330396627,0.2822497675569644,5.662528455454967,LEMON
sub-010301,6.415199575950114,9.780103826529778,7.9345703125,9.765625,1.08985662900707,0.2971852764689314,5.853193692815158,LEMON
sub-010302,5.86188371973826,10.75778298233786,4.39453125,11.474609375,-0.1805142820849122,0.20425256860146773,5.511515154825908,LEMON
sub-010303,5.736890548342903,10.46924400308683,5.0048828125,10.1318359375,-0.10926741943829504,0.21131135059186132,5.453027071866407,LEMON
sub-010304,7.189790053811238,9.622110773190537,7.9345703125,10.1318359375,0.6960844778888796,0.41112999286343654,5.633151434441055,LEMON
sub-010305,6.483914480221854,9.288772872992336,7.9345703125,9.3994140625,0.8493530677190704,0.35652423757915847,5.865822076277989,LEMON
sub-010306,5.796804466359155,9.897862692816704,6.4697265625,9.1552734375,0.7285712213334078,0.2438395030698673,5.48260082304495,LEMON
sub-010307,5.927594302695471,10.7358230584211,4.2724609375,10.8642578125,-0.014731227513806977,0.20797679370167277,5.594666869340919,LEMON
sub-010308,5.90821733228585,10.483193640310477,4.2724609375,8.6669921875,0.23947323571311063,0.21858036690725025,5.367726001127109,LEMON
sub-010309,6.054456534572688,9.669250284332248,7.9345703125,9.6435546875,1.4248122136847556,0.276640956366187,5.344870837466655,LEMON
sub-010310,5.748975525855584,10.394454615661186,4.0283203125,10.6201171875,0.006623247414769185,0.21526305052033862,5.480590884311273,LEMON
sub-010311,5.805449547792855,9.686516312891593,4.0283203125,9.27734375,1.053339318100302,0.2576611175547657,5.329997369939453,LEMON
sub-010314,6.060094169734359,10.753326502764413,7.9345703125,11.5966796875,0.2387236734909936,0.21307276713368634,5.45846161156251,LEMON
sub-010315,5.783381229074424,10.702370186836989,4.0283203125,10.8642578125,-0.2873494812743965,0.2032938086640586,5.352528275870224,LEMON
sub-010316,5.55583202430859,9.97285428510618,4.0283203125,10.009765625,0.09624862829035083,0.2263968667025527,5.23726712540401,LEMON
sub-010317,5.882150369302124,9.805368144654343,4.39453125,9.6435546875,1.0672904128127219,0.2548928092349454,5.242113596856186,LEMON
sub-010318,5.677016875306835,10.801651802774488,4.5166015625,11.1083984375,-0.6676389284213016,0.19513585146135506,5.477032495576171,LEMON
sub-010319,6.24242754277562,9.888137149172492,7.9345703125,10.009765625,1.348129991659637,0.2742950229073018,5.673746656386528,LEMON
