dataset,subject,sfreq,n_channels,theta_centroid,alpha_centroid,theta_peak,alpha_peak,theta_frontal,PCI,convergence,ratio_centroid,ratio_frontal,PCI_frontal,convergence_frontal
OpenNeuro,sub-031,1024.0,73,6.709622283771046,9.635620211406755,8.0,8.25,,0.856437747059881,0.34176374171530227,1.4360898130902227,,,
OpenNeuro,sub-031,1024.0,73,6.668376119904912,9.653568578266798,8.0,9.75,,0.880768547800239,0.3349867768823008,1.4476640796326967,,,
OpenNeuro,sub-031,1024.0,73,6.615928670117617,9.883250286312068,8.0,9.75,,0.9946795592129027,0.30606108533776066,1.493856838413641,,,
OpenNeuro,sub-031,1024.0,73,6.742817296180889,9.84336128485929,8.0,9.75,,0.9079818463861504,0.32252404857066636,1.459829156343082,,,
OpenNeuro,sub-073,1024.0,80,5.890856550785323,9.981567152925845,4.0,10.0,,0.8326682286317385,0.24445630533647042,1.6944169437626484,,,
OpenNeuro,sub-073,1024.0,80,5.734364394562171,9.944520670605966,4.0,9.75,,0.5260581534934498,0.23752087438893865,1.7341975476891975,,,
OpenNeuro,sub-012,1024.0,73,5.731033555371781,10.419501821732588,4.0,9.25,,-0.062341667371567225,0.2132892755561297,1.8180842462466893,,,
OpenNeuro,sub-012,1024.0,73,5.811114364405823,10.677351875134743,4.0,11.75,,-0.19571816841413028,0.2054975733911945,1.8374017796888575,,,
OpenNeuro,sub-012,1024.0,73,5.929350042854133,10.555964636943779,4.0,9.25,,0.19809081021616956,0.21614076116853745,1.780290345594539,,,
OpenNeuro,sub-012,1024.0,73,5.8774636264220215,10.225962059053042,4.0,9.25,,0.48460179240950396,0.2299644384130452,1.739859692722288,,,
OpenNeuro,sub-065,1024.0,80,6.0480889397463224,9.583865453094859,8.0,8.75,,1.3513948423588416,0.28282330521307636,1.584610535422589,,,
OpenNeuro,sub-074,1024.0,80,6.749286412473997,9.720684568754447,8.0,9.75,,0.86502480455069,0.33654190633670733,1.440253676416625,,,
OpenNeuro,sub-074,1024.0,80,6.417136999938537,9.871934553600669,8.0,9.75,,1.139756899014327,0.2894525611030338,1.5383705465062103,,,
OpenNeuro,sub-074,1024.0,80,6.470103293980343,9.738106712131,8.0,9.5,,1.027389742113859,0.30599723196308465,1.5050929281439978,,,
OpenNeuro,sub-006,1024.0,80,6.082643519640143,10.4535446950764,8.0,10.5,,0.64281346159776,0.22878577205539097,1.7185857861508946,,,
OpenNeuro,sub-006,1024.0,80,6.078903073436365,10.433647834744054,8.0,10.75,,0.6597147680636116,0.22963458361213102,1.716370159007319,,,
OpenNeuro,sub-006,1024.0,80,6.21068468579955,10.425674804928265,8.0,11.0,,0.9642965616544555,0.2372484802423952,1.678667543494214,,,
OpenNeuro,sub-049,1024.0,80,6.411419147891062,9.853677082437189,8.0,10.0,,1.134200865092579,0.2905069925074784,1.5368948520045527,,,
OpenNeuro,sub-049,1024.0,80,6.32614002572472,10.000093368409498,8.0,10.25,,1.3303739436318025,0.27218636349617875,1.5807575121234994,,,
OpenNeuro,sub-049,1024.0,80,6.336295731611442,9.92464614445722,8.0,10.0,,1.2577839122839196,0.2786795839169285,1.5663167511174847,,,
OpenNeuro,sub-049,1024.0,80,6.416883397046158,9.887123922170307,8.0,10.0,,1.14903028197682,0.2881644637482944,1.540798439117903,,,
OpenNeuro,sub-034,1024.0,73,7.012734216618398,9.78605014838904,8.0,8.5,,0.7812269344193847,0.36057918556777757,1.395468564201191,,,
OpenNeuro,sub-034,1024.0,73,6.0377091185271246,10.07156747819621,6.25,8.5,,1.0570223713172227,0.2479016144934832,1.668110748709459,,,
OpenNeuro,sub-034,1024.0,73,6.652566832899796,10.037035519229299,8.0,8.75,,1.0385353023185417,0.2954673518000581,1.5087462886643777,,,
OpenNeuro,sub-034,1024.0,73,6.913872549586038,10.163407275649929,8.0,8.75,,0.9321591575267311,0.30773636360282375,1.4700021157113252,,,
OpenNeuro,sub-025,1024.0,80,6.397461816059755,9.51440683120396,7.5,9.75,,0.9763826744246517,0.3208269620225351,1.4872158841682552,,,
OpenNeuro,sub-025,1024.0,80,6.519886173031966,9.605920981740509,8.0,9.75,,0.9403620156979343,0.32404041496164604,1.4733264855870072,,,
OpenNeuro,sub-025,1024.0,80,6.456086871883582,9.667275901020377,8.0,9.75,,1.004717889563883,0.3114111286898647,1.4973893773210523,,,
OpenNeuro,sub-025,1024.0,80,6.486225093715068,9.487092428156545,7.5,8.0,,0.9145561940320275,0.333236990693599,1.4626523580486308,,,
OpenNeuro,sub-037,1024.0,73,5.801050285211156,9.946230686843906,4.0,9.25,,0.6736147592247475,0.241244023928635,1.7145568815702599,,,
OpenNeuro,sub-037,1024.0,73,6.118082900665402,9.676214142984021,8.0,9.5,,1.3347775018965522,0.28104640663798575,1.5815761734663054,,,
OpenNeuro,sub-020,1024.0,80,6.743653167576991,10.334064396754147,8.0,10.25,,1.1176884870717998,0.27851962802299335,1.5324133878117578,,,
OpenNeuro,sub-020,1024.0,80,6.786044321439654,10.432379335119842,8.0,10.5,,1.1358273407947983,0.2742479767350603,1.5373284996327021,,,
OpenNeuro,sub-020,1024.0,80,6.969880570905694,10.148952335147053,8.0,10.25,,0.8994863663527676,0.3145572274423431,1.4561156725571063,,,
OpenNeuro,sub-020,1024.0,80,6.834857774007273,10.231152951318775,8.0,10.25,,1.0033369427117338,0.29443848305069803,1.4969079517978405,,,
OpenNeuro,sub-042,1024.0,80,5.848060898872305,10.630715719894736,4.0,11.25,,-0.06051625946313804,0.20908889255491386,1.8178189153168158,,,
OpenNeuro,sub-042,1024.0,80,5.786464184860555,10.582792425609695,4.0,11.0,,-0.13678836397237154,0.2084928198833635,1.8288875706339007,,,
OpenNeuro,sub-042,1024.0,80,5.741729404398475,10.645830910393727,4.0,11.25,,-0.31249352427011673,0.20391095061501124,1.8541157481643848,,,
OpenNeuro,sub-042,1024.0,80,5.814627491002306,10.489776475181571,4.0,10.25,,0.03426366903448167,0.21389692678971442,1.8040324150452807,,,
OpenNeuro,sub-016,1024.0,73,6.330355766920088,9.319756160040333,7.75,9.25,,0.9376458347715055,0.3345152433582945,1.4722326047995056,,,
OpenNeuro,sub-016,1024.0,73,6.427946368822134,9.36559666255807,8.0,9.25,,0.9015219570914633,0.34040811533365223,1.4570122594651074,,,
OpenNeuro,sub-030,1024.0,73,6.444382305808858,10.03007215330771,8.0,10.0,,1.2129031322338513,0.2788863628842679,1.55640551372422,,,
OpenNeuro,sub-030,1024.0,73,6.513024286359444,10.130131348677194,8.0,10.0,,1.208399264274416,0.2764640312745472,1.5553652041330845,,,
OpenNeuro,sub-030,1024.0,73,6.456286232933754,9.971786505979097,8.0,10.0,,1.163527235403913,0.28445453629100087,1.544508119096803,,,
OpenNeuro,sub-030,1024.0,73,6.524438693553027,9.826706048239375,8.0,9.75,,1.0305518476007292,0.302822240779769,1.5061381537617031,,,
OpenNeuro,sub-069,1024.0,80,6.671386472423532,9.082345912121207,8.0,8.5,,0.7280291484729263,0.4147726351320934,1.3613880637350992,,,
OpenNeuro,sub-069,1024.0,80,6.4893817695348925,9.137091125163861,8.0,8.5,,0.8029153981505998,0.3776849592173035,1.408006409494804,,,
OpenNeuro,sub-069,1024.0,80,6.6615740702097925,9.065018347455387,8.0,8.5,,0.7271662767471296,0.4160695587858705,1.3607922469846385,,,
OpenNeuro,sub-051,1024.0,80,6.3083860301589105,9.682283496027026,8.0,9.75,,1.1265165572721123,0.29639312104663995,1.5348273630907026,,,
OpenNeuro,sub-083,1024.0,80,5.7328950146345745,10.446448004509902,4.0,10.25,,-0.09063217936151889,0.2121541864805576,1.8221941929588568,,,
OpenNeuro,sub-083,1024.0,80,5.751826620154998,10.497240888611842,4.0,10.5,,-0.1101544411926054,0.21072975791535878,1.8250273490213387,,,
OpenNeuro,sub-083,1024.0,80,5.6504461481467665,10.241279943101478,4.0,10.0,,-0.02375369711860398,0.2178253547534201,1.8124727985347517,,,
OpenNeuro,sub-083,1024.0,80,5.624780717085449,10.415000159714058,4.0,10.25,,-0.2949954266997781,0.20875870343243713,1.8516277671195547,,,
OpenNeuro,sub-080,1024.0,80,6.182002584226385,9.582352815988482,8.0,9.25,,1.1859183072574044,0.29408735331412894,1.5500402475466801,,,
OpenNeuro,sub-080,1024.0,80,6.193409845858014,9.415667322205923,8.0,9.0,,1.0754946055294075,0.3103414321605966,1.5202719594768734,,,
OpenNeuro,sub-080,1024.0,80,6.619307985153004,9.654064646360892,8.0,9.5,,0.9048535245100366,0.32951571135261365,1.4584703821026,,,
OpenNeuro,sub-080,1024.0,80,6.765845839236626,9.370914923691407,8.0,9.0,,0.7640897479519143,0.3838669791781324,1.3850322851501307,,,
OpenNeuro,sub-040,1024.0,73,6.76307834060942,9.876203236343102,8.0,9.75,,0.9090986544646991,0.32122064918449933,1.4603118194034048,,,
OpenNeuro,sub-040,1024.0,73,6.696660799594775,9.976004336911606,8.0,9.75,,0.9831365629813287,0.30493907961170885,1.4896983191257454,,,
OpenNeuro,sub-040,1024.0,73,6.374845802034967,10.126113184435694,8.0,10.0,,1.37310640472043,0.2665765721450713,1.5884483325390009,,,
OpenNeuro,sub-040,1024.0,73,6.651973262424916,9.757867412686519,8.0,10.0,,0.9246734493983323,0.32196847401118683,1.4669132042075252,,,
OpenNeuro,sub-043,1024.0,80,5.9536547377172075,10.352328556120977,5.5,10.0,,0.492189130993148,0.22734124904103234,1.738819097207229,,,
OpenNeuro,sub-043,1024.0,80,6.008177233322023,10.99043338093951,4.0,10.25,,-0.13926278382135887,0.20071228181999423,1.8292458684449815,,,
OpenNeuro,sub-043,1024.0,80,5.8142838841539275,10.292935941261266,5.75,8.0,,0.26780835937334657,0.2232814666665304,1.7702843800443457,,,
OpenNeuro,sub-043,1024.0,80,5.883527262488271,10.441447204629641,5.75,10.0,,0.23702981449504365,0.2193983248266943,1.774691734871596,,,
OpenNeuro,sub-041,1024.0,80,5.78952481040859,10.37357288531041,4.0,10.75,,0.11859155635753947,0.21814779942538406,1.7917831298797569,,,
OpenNeuro,sub-041,1024.0,80,6.066339575512697,10.452084412540156,8.0,10.75,,0.6096725735805714,0.22801144096603973,1.7229639525507106,,,
OpenNeuro,sub-041,1024.0,80,5.9276557437454676,10.334283189136057,5.5,10.5,,0.4588789828308201,0.2269309153979009,1.7434013775243642,,,
OpenNeuro,sub-041,1024.0,80,5.802873656030648,10.388813789842478,4.0,11.0,,0.12890890418814072,0.21805779639971026,1.79028777906372,,,
OpenNeuro,sub-028,1024.0,80,6.491725318082033,9.580674051915883,8.0,9.75,,0.9466389475315528,0.3237347350724237,1.4758286252854693,,,
OpenNeuro,sub-028,1024.0,80,6.164734032137452,9.679381010118163,8.0,9.75,,1.2760265079696398,0.28452359689749984,1.5701214293525823,,,
OpenNeuro,sub-028,1024.0,80,6.6757778354067785,9.50381931975091,8.0,9.5,,0.8317820373233882,0.35360160221691944,1.423627261731937,,,
OpenNeuro,sub-028,1024.0,80,6.038826455794257,9.772501363818082,8.0,9.75,,1.5697572468769485,0.26783263798649365,1.618278225969114,,,
OpenNeuro,sub-017,1024.0,73,5.98668453475761,10.766900600825638,4.0,10.25,,0.0724917145589307,0.20919556484034646,1.7984746880038451,,,
OpenNeuro,sub-017,1024.0,73,5.887567745002022,10.977994400730347,4.0,11.5,,-0.3868301958749882,0.19644718756033672,1.8646060438199812,,,
OpenNeuro,sub-017,1024.0,73,5.954653094529925,10.845805509581577,4.0,12.25,,-0.08516335600191388,0.20445079505653466,1.8214000609951186,,,
OpenNeuro,sub-089,1024.0,80,6.019834484858075,9.89283544283491,8.0,8.75,,1.2928414440601323,0.258197715634539,1.643373329901137,,,
OpenNeuro,sub-089,1024.0,80,6.514338637331189,9.627823309037762,8.0,9.0,,0.9520145427208657,0.32118353081593204,1.4779433254919203,,,
